locus_tag,organism_name,group_id,consensus_gene_name,consensus_product,taxonomic_level,source,specificity_rank,member_count,organism_count,genera,has_cross_genus_members
A9601_02681,Prochlorococcus AS9601,eggnog:1G07U@1117,ntcA,global nitrogen regulatory protein,Cyanobacteria,eggnog,2,20,19,Prochlorococcus | Synechococcus | Thermosynechococcus,cross_genus
A9601_02851,Prochlorococcus AS9601,eggnog:1GD8R@1117,amt1,ammonium transporter,Cyanobacteria,eggnog,2,9,9,Prochlorococcus,single_genus
A9601_04571,Prochlorococcus AS9601,eggnog:1G493@1117,cysK,O-acetylserine sulfhydrylase A,Cyanobacteria,eggnog,2,21,17,Prochlorococcus | Synechococcus,cross_genus
A9601_04581,Prochlorococcus AS9601,eggnog:1GMGD@1117,PMN2A_RS02170,"O-succinylhomoserine(thiol)-lyase, MetB-like protein",Cyanobacteria,eggnog,2,11,11,Prochlorococcus,single_genus
A9601_04591,Prochlorococcus AS9601,eggnog:1G43Q@1117,metB,O-succinylhomoserine(thiol)-lyase,Cyanobacteria,eggnog,2,15,15,Prochlorococcus | Synechococcus,cross_genus
A9601_06981,Prochlorococcus AS9601,eggnog:1G4EH@1117,metY,O-acetylhomoserine aminocarboxypropyltransferase,Cyanobacteria,eggnog,2,17,17,Prochlorococcus | Synechococcus,cross_genus
A9601_08841,Prochlorococcus AS9601,eggnog:1G0UF@1117,urtE,"ABC-type urea transporter, ATPase component UrtE",Cyanobacteria,eggnog,2,15,15,Prochlorococcus | Synechococcus | Thermosynechococcus,cross_genus
A9601_08851,Prochlorococcus AS9601,eggnog:1G4VP@1117,urtD,"ABC-type urea transporter, ATP-binding component UrtD",Cyanobacteria,eggnog,2,8,8,Prochlorococcus,single_genus
A9601_08861,Prochlorococcus AS9601,eggnog:1G0QD@1117,urtC,"ABC-type urea transporter, membrane component",Cyanobacteria,eggnog,2,13,13,Prochlorococcus | Synechococcus | Thermosynechococcus,cross_genus
A9601_08871,Prochlorococcus AS9601,eggnog:1G22F@1117,urtB,"ABC-type urea transporter, permease component",Cyanobacteria,eggnog,2,15,15,Prochlorococcus | Synechococcus | Thermosynechococcus,cross_genus
A9601_08881,Prochlorococcus AS9601,eggnog:1G29H@1117,urtA,"ABC-type urea transporter, substrate binding component",Cyanobacteria,eggnog,2,17,16,Prochlorococcus | Synechococcus | Thermosynechococcus,cross_genus
A9601_08891,Prochlorococcus AS9601,eggnog:1G0GT@1117,ureG,urease accessory protein UreG,Cyanobacteria,eggnog,2,15,15,Prochlorococcus | Synechococcus | Thermosynechococcus,cross_genus
A9601_08901,Prochlorococcus AS9601,eggnog:1GC52@1117,ureF,urease accessory protein UreF,Cyanobacteria,eggnog,2,10,10,Prochlorococcus,single_genus
A9601_08911,Prochlorococcus AS9601,eggnog:1G6TF@1117,ureE,urease accessory protein UreE,Cyanobacteria,eggnog,2,13,13,Prochlorococcus | Synechococcus | Thermosynechococcus,cross_genus
A9601_08921,Prochlorococcus AS9601,eggnog:1G10F@1117,ureD,urease accessory protein UreD,Cyanobacteria,eggnog,2,15,15,Prochlorococcus | Synechococcus | Thermosynechococcus,cross_genus
A9601_08931,Prochlorococcus AS9601,eggnog:1G6KQ@1117,ureA,urease gamma subunit,Cyanobacteria,eggnog,2,15,15,Prochlorococcus | Synechococcus | Thermosynechococcus,cross_genus
A9601_08941,Prochlorococcus AS9601,eggnog:1G6IB@1117,ureB,urease beta subunit,Cyanobacteria,eggnog,2,15,15,Prochlorococcus | Synechococcus | Thermosynechococcus,cross_genus
A9601_08951,Prochlorococcus AS9601,eggnog:1G12D@1117,ureC,urease alpha subunit,Cyanobacteria,eggnog,2,15,15,Prochlorococcus | Synechococcus | Thermosynechococcus,cross_genus
A9601_09091,Prochlorococcus AS9601,eggnog:1G19V@1117,carA,carbamoyl-phosphate synthase small subunit,Cyanobacteria,eggnog,2,19,19,Prochlorococcus | Synechococcus | Thermosynechococcus,cross_genus
A9601_09401,Prochlorococcus AS9601,eggnog:1G255@1117,glnA,"glutamine synthetase, type I",Cyanobacteria,eggnog,2,19,19,Prochlorococcus | Synechococcus | Thermosynechococcus,cross_genus
A9601_16651,Prochlorococcus AS9601,eggnog:1G5QJ@1117,glnB,nitrogen regulatory protein P-II,Cyanobacteria,eggnog,2,19,19,Prochlorococcus | Synechococcus | Thermosynechococcus,cross_genus
A9601_17161,Prochlorococcus AS9601,eggnog:1G0XM@1117,glsF,ferredoxin-dependent glutamate synthase,Cyanobacteria,eggnog,2,19,19,Prochlorococcus | Synechococcus | Thermosynechococcus,cross_genus
A9601_17761,Prochlorococcus AS9601,eggnog:1G0FS@1117,moeB,molybdopterin biosynthesis protein MoeB,Cyanobacteria,eggnog,2,19,19,Prochlorococcus | Synechococcus | Thermosynechococcus,cross_genus
A9601_18791,Prochlorococcus AS9601,eggnog:1G03T@1117,metC,cystathionine beta-lyase family aluminum resistance protein,Cyanobacteria,eggnog,2,19,19,Prochlorococcus | Synechococcus | Thermosynechococcus,cross_genus
BL107_05259,Synechococcus sp. BL107,eggnog:1G0S8@1117,amt1,ammonium transporter,Cyanobacteria,eggnog,2,13,10,Prochlorococcus | Synechococcus | Thermosynechococcus,cross_genus
BL107_06819,Synechococcus sp. BL107,eggnog:1G529@1117,cynS,cyanate hydratase,Cyanobacteria,eggnog,2,12,11,Prochlorococcus | Synechococcus,cross_genus
BL107_06834,Synechococcus sp. BL107,eggnog:1G0Z6@1117,nirA,ferredoxin--nitrite reductase,Cyanobacteria,eggnog,2,14,13,Prochlorococcus | Synechococcus | Thermosynechococcus,cross_genus
BL107_06849,Synechococcus sp. BL107,eggnog:1G514@1117,moaB,molybdenum cofactor biosynthesis protein B,Cyanobacteria,eggnog,2,5,5,Synechococcus,single_genus
BL107_06854,Synechococcus sp. BL107,eggnog:1GNRD@1117,moaD,molydbenum cofactor biosynthesis protein D (molybdopterin converting factor small subunit),Cyanobacteria,eggnog,2,4,4,Synechococcus,single_genus
BL107_06859,Synechococcus sp. BL107,eggnog:1G5AI@1117,moaE,molybdenum cofactor biosynthesis protein E (molydbopterin converting factor large subunit),Cyanobacteria,eggnog,2,8,8,Synechococcus | Thermosynechococcus,cross_genus
BL107_06869,Synechococcus sp. BL107,eggnog:1G0K2@1117,moeA,molybdopterin biosynthesis protein MoeA,Cyanobacteria,eggnog,2,8,8,Synechococcus | Thermosynechococcus,cross_genus
BL107_06874,Synechococcus sp. BL107,eggnog:1G53K@1117,moaC,molybdenum cofactor biosynthesis protein C,Cyanobacteria,eggnog,2,8,8,Synechococcus | Thermosynechococcus,cross_genus
BL107_06894,Synechococcus sp. BL107,eggnog:1G61D@1117,narM,nitrate reductase associated protein,Cyanobacteria,eggnog,2,8,8,Synechococcus | Thermosynechococcus,cross_genus
BL107_06899,Synechococcus sp. BL107,eggnog:1G0DW@1117,narB,nitrate reductase,Cyanobacteria,eggnog,2,8,8,Synechococcus | Thermosynechococcus,cross_genus
BL107_06904,Synechococcus sp. BL107,eggnog:1G0NY@1117,nrtP,nitrate transporter,Cyanobacteria,eggnog,2,4,4,Synechococcus,single_genus
BL107_06909,Synechococcus sp. BL107,eggnog:1GMZN@1117,mobA,molybdenum cofactor guanylyltransferase,Cyanobacteria,eggnog,2,4,4,Synechococcus,single_genus
BL107_06914,Synechococcus sp. BL107,eggnog:1G0VS@1117,moaA,molybdenum cofactor biosynthesis protein A,Cyanobacteria,eggnog,2,8,8,Synechococcus | Thermosynechococcus,cross_genus
BL107_06954,Synechococcus sp. BL107,eggnog:1G12D@1117,ureC,urease alpha subunit,Cyanobacteria,eggnog,2,15,15,Prochlorococcus | Synechococcus | Thermosynechococcus,cross_genus
BL107_06959,Synechococcus sp. BL107,eggnog:1G6IB@1117,ureB,urease beta subunit,Cyanobacteria,eggnog,2,15,15,Prochlorococcus | Synechococcus | Thermosynechococcus,cross_genus
BL107_06964,Synechococcus sp. BL107,eggnog:1G6KQ@1117,ureA,urease gamma subunit,Cyanobacteria,eggnog,2,15,15,Prochlorococcus | Synechococcus | Thermosynechococcus,cross_genus
BL107_06969,Synechococcus sp. BL107,eggnog:1G10F@1117,ureD,urease accessory protein UreD,Cyanobacteria,eggnog,2,15,15,Prochlorococcus | Synechococcus | Thermosynechococcus,cross_genus
BL107_06974,Synechococcus sp. BL107,eggnog:1G6TF@1117,ureE,urease accessory protein UreE,Cyanobacteria,eggnog,2,13,13,Prochlorococcus | Synechococcus | Thermosynechococcus,cross_genus
BL107_06979,Synechococcus sp. BL107,eggnog:1G3PC@1117,ureF,urease accessory protein UreF,Cyanobacteria,eggnog,2,5,5,Synechococcus | Thermosynechococcus,cross_genus
BL107_06984,Synechococcus sp. BL107,eggnog:1G0GT@1117,ureG,urease accessory protein UreG,Cyanobacteria,eggnog,2,15,15,Prochlorococcus | Synechococcus | Thermosynechococcus,cross_genus
BL107_06989,Synechococcus sp. BL107,eggnog:1G29H@1117,urtA,"ABC-type urea transporter, substrate binding component",Cyanobacteria,eggnog,2,17,16,Prochlorococcus | Synechococcus | Thermosynechococcus,cross_genus
BL107_06994,Synechococcus sp. BL107,eggnog:1G22F@1117,urtB,"ABC-type urea transporter, permease component",Cyanobacteria,eggnog,2,15,15,Prochlorococcus | Synechococcus | Thermosynechococcus,cross_genus
BL107_06999,Synechococcus sp. BL107,eggnog:1G0QD@1117,urtC,"ABC-type urea transporter, membrane component",Cyanobacteria,eggnog,2,13,13,Prochlorococcus | Synechococcus | Thermosynechococcus,cross_genus
BL107_07004,Synechococcus sp. BL107,eggnog:1G2Q2@1117,urtD,"ABC-type urea transporter, ATP-binding component UrtD",Cyanobacteria,eggnog,2,6,6,Prochlorococcus | Synechococcus | Thermosynechococcus,cross_genus
BL107_07009,Synechococcus sp. BL107,eggnog:1G0UF@1117,urtE,"ABC-type urea transporter, ATPase component UrtE",Cyanobacteria,eggnog,2,15,15,Prochlorococcus | Synechococcus | Thermosynechococcus,cross_genus
BL107_07294,Synechococcus sp. BL107,eggnog:1G03T@1117,metC,cystathionine beta-lyase family aluminum resistance protein,Cyanobacteria,eggnog,2,19,19,Prochlorococcus | Synechococcus | Thermosynechococcus,cross_genus
BL107_07964,Synechococcus sp. BL107,eggnog:1G07U@1117,ntcA,global nitrogen regulatory protein,Cyanobacteria,eggnog,2,20,19,Prochlorococcus | Synechococcus | Thermosynechococcus,cross_genus
BL107_08289,Synechococcus sp. BL107,eggnog:1G0XM@1117,glsF,ferredoxin-dependent glutamate synthase,Cyanobacteria,eggnog,2,19,19,Prochlorococcus | Synechococcus | Thermosynechococcus,cross_genus
BL107_08711,Synechococcus sp. BL107,eggnog:1G0FS@1117,moeB,molybdopterin biosynthesis protein MoeB,Cyanobacteria,eggnog,2,19,19,Prochlorococcus | Synechococcus | Thermosynechococcus,cross_genus
BL107_12350,Synechococcus sp. BL107,eggnog:1G19V@1117,carA,carbamoyl-phosphate synthase small subunit,Cyanobacteria,eggnog,2,19,19,Prochlorococcus | Synechococcus | Thermosynechococcus,cross_genus
BL107_13740,Synechococcus sp. BL107,eggnog:1G255@1117,glnA,"glutamine synthetase, type I",Cyanobacteria,eggnog,2,19,19,Prochlorococcus | Synechococcus | Thermosynechococcus,cross_genus
BL107_14720,Synechococcus sp. BL107,eggnog:1G4EH@1117,metY,O-acetylhomoserine aminocarboxypropyltransferase,Cyanobacteria,eggnog,2,17,17,Prochlorococcus | Synechococcus,cross_genus
BL107_15740,Synechococcus sp. BL107,eggnog:1G43Q@1117,metB,O-succinylhomoserine(thiol)-lyase,Cyanobacteria,eggnog,2,15,15,Prochlorococcus | Synechococcus,cross_genus
BL107_15745,Synechococcus sp. BL107,eggnog:1GCF1@1117,metB,"O-succinylhomoserine(thiol)-lyase, MetB-like protein",Cyanobacteria,eggnog,2,4,4,Synechococcus,single_genus
BL107_15750,Synechococcus sp. BL107,eggnog:1G493@1117,cysK,O-acetylserine sulfhydrylase A,Cyanobacteria,eggnog,2,21,17,Prochlorococcus | Synechococcus,cross_genus
BL107_16790,Synechococcus sp. BL107,eggnog:1G5QJ@1117,glnB,nitrogen regulatory protein P-II,Cyanobacteria,eggnog,2,19,19,Prochlorococcus | Synechococcus | Thermosynechococcus,cross_genus
BL107_RS12100,Synechococcus sp. BL107,eggnog:1GP1E@1117,cynH,cyanate hydratase,Cyanobacteria,eggnog,2,3,3,Synechococcus,single_genus
NATL1_00701,Prochlorococcus NATL1A,eggnog:1G529@1117,cynS,cyanate hydratase,Cyanobacteria,eggnog,2,12,11,Prochlorococcus | Synechococcus,cross_genus
NATL1_03241,Prochlorococcus NATL1A,eggnog:1G07U@1117,ntcA,global nitrogen regulatory protein,Cyanobacteria,eggnog,2,20,19,Prochlorococcus | Synechococcus | Thermosynechococcus,cross_genus
NATL1_03411,Prochlorococcus NATL1A,eggnog:1GD8R@1117,amt1,ammonium transporter,Cyanobacteria,eggnog,2,9,9,Prochlorococcus,single_genus
NATL1_04581,Prochlorococcus NATL1A,eggnog:1G493@1117,cysK,O-acetylserine sulfhydrylase A,Cyanobacteria,eggnog,2,21,17,Prochlorococcus | Synechococcus,cross_genus
NATL1_04591,Prochlorococcus NATL1A,eggnog:1GMGD@1117,PMN2A_RS02170,"O-succinylhomoserine(thiol)-lyase, MetB-like protein",Cyanobacteria,eggnog,2,11,11,Prochlorococcus,single_genus
NATL1_04601,Prochlorococcus NATL1A,eggnog:1G43Q@1117,metB,O-succinylhomoserine(thiol)-lyase,Cyanobacteria,eggnog,2,15,15,Prochlorococcus | Synechococcus,cross_genus
NATL1_07071,Prochlorococcus NATL1A,eggnog:1G4EH@1117,metY,O-acetylhomoserine aminocarboxypropyltransferase,Cyanobacteria,eggnog,2,17,17,Prochlorococcus | Synechococcus,cross_genus
NATL1_07731,Prochlorococcus NATL1A,eggnog:1G255@1117,glnA,"glutamine synthetase, type I",Cyanobacteria,eggnog,2,19,19,Prochlorococcus | Synechococcus | Thermosynechococcus,cross_genus
NATL1_09281,Prochlorococcus NATL1A,eggnog:1G19V@1117,carA,carbamoyl-phosphate synthase small subunit,Cyanobacteria,eggnog,2,19,19,Prochlorococcus | Synechococcus | Thermosynechococcus,cross_genus
NATL1_12251,Prochlorococcus NATL1A,eggnog:1GRCJ@1117,PMN2A_RS05525,nitroreductase family protein,Cyanobacteria,eggnog,2,3,3,Prochlorococcus,single_genus
NATL1_18621,Prochlorococcus NATL1A,eggnog:1G5QJ@1117,glnB,nitrogen regulatory protein P-II,Cyanobacteria,eggnog,2,19,19,Prochlorococcus | Synechococcus | Thermosynechococcus,cross_genus
NATL1_19151,Prochlorococcus NATL1A,eggnog:1G0UF@1117,urtE,"ABC-type urea transporter, ATPase component UrtE",Cyanobacteria,eggnog,2,15,15,Prochlorococcus | Synechococcus | Thermosynechococcus,cross_genus
NATL1_19161,Prochlorococcus NATL1A,eggnog:1G4VP@1117,urtD,"ABC-type urea transporter, ATP-binding component UrtD",Cyanobacteria,eggnog,2,8,8,Prochlorococcus,single_genus
NATL1_19171,Prochlorococcus NATL1A,eggnog:1G0QD@1117,urtC,"ABC-type urea transporter, membrane component",Cyanobacteria,eggnog,2,13,13,Prochlorococcus | Synechococcus | Thermosynechococcus,cross_genus
NATL1_19181,Prochlorococcus NATL1A,eggnog:1G22F@1117,urtB,"ABC-type urea transporter, permease component",Cyanobacteria,eggnog,2,15,15,Prochlorococcus | Synechococcus | Thermosynechococcus,cross_genus
NATL1_19191,Prochlorococcus NATL1A,eggnog:1G29H@1117,urtA,"ABC-type urea transporter, substrate binding component",Cyanobacteria,eggnog,2,17,16,Prochlorococcus | Synechococcus | Thermosynechococcus,cross_genus
NATL1_19201,Prochlorococcus NATL1A,eggnog:1G0GT@1117,ureG,urease accessory protein UreG,Cyanobacteria,eggnog,2,15,15,Prochlorococcus | Synechococcus | Thermosynechococcus,cross_genus
NATL1_19211,Prochlorococcus NATL1A,eggnog:1GC52@1117,ureF,urease accessory protein UreF,Cyanobacteria,eggnog,2,10,10,Prochlorococcus,single_genus
NATL1_19221,Prochlorococcus NATL1A,eggnog:1G6TF@1117,ureE,urease accessory protein UreE,Cyanobacteria,eggnog,2,13,13,Prochlorococcus | Synechococcus | Thermosynechococcus,cross_genus
NATL1_19231,Prochlorococcus NATL1A,eggnog:1G10F@1117,ureD,urease accessory protein UreD,Cyanobacteria,eggnog,2,15,15,Prochlorococcus | Synechococcus | Thermosynechococcus,cross_genus
NATL1_19241,Prochlorococcus NATL1A,eggnog:1G6KQ@1117,ureA,urease gamma subunit,Cyanobacteria,eggnog,2,15,15,Prochlorococcus | Synechococcus | Thermosynechococcus,cross_genus
NATL1_19251,Prochlorococcus NATL1A,eggnog:1G6IB@1117,ureB,urease beta subunit,Cyanobacteria,eggnog,2,15,15,Prochlorococcus | Synechococcus | Thermosynechococcus,cross_genus
NATL1_19261,Prochlorococcus NATL1A,eggnog:1G12D@1117,ureC,urease alpha subunit,Cyanobacteria,eggnog,2,15,15,Prochlorococcus | Synechococcus | Thermosynechococcus,cross_genus
NATL1_19531,Prochlorococcus NATL1A,eggnog:1G0XM@1117,glsF,ferredoxin-dependent glutamate synthase,Cyanobacteria,eggnog,2,19,19,Prochlorococcus | Synechococcus | Thermosynechococcus,cross_genus
NATL1_20151,Prochlorococcus NATL1A,eggnog:1G0FS@1117,moeB,molybdopterin biosynthesis protein MoeB,Cyanobacteria,eggnog,2,19,19,Prochlorococcus | Synechococcus | Thermosynechococcus,cross_genus
NATL1_21401,Prochlorococcus NATL1A,eggnog:1G03T@1117,metC,cystathionine beta-lyase family aluminum resistance protein,Cyanobacteria,eggnog,2,19,19,Prochlorococcus | Synechococcus | Thermosynechococcus,cross_genus
NATL1_21711,Prochlorococcus NATL1A,eggnog:1G0Z6@1117,nirA,ferredoxin--nitrite reductase,Cyanobacteria,eggnog,2,14,13,Prochlorococcus | Synechococcus | Thermosynechococcus,cross_genus
NATL1_21721,Prochlorococcus NATL1A,eggnog:1G0ZS@1117,focA,"nitrite transporter, FNT family",Cyanobacteria,eggnog,2,8,8,Prochlorococcus | Synechococcus,cross_genus
P9301_02691,Prochlorococcus MIT9301,eggnog:1G07U@1117,ntcA,global nitrogen regulatory protein,Cyanobacteria,eggnog,2,20,19,Prochlorococcus | Synechococcus | Thermosynechococcus,cross_genus
P9301_02861,Prochlorococcus MIT9301,eggnog:1GD8R@1117,amt1,ammonium transporter,Cyanobacteria,eggnog,2,9,9,Prochlorococcus,single_genus
P9301_04261,Prochlorococcus MIT9301,eggnog:1G493@1117,cysK,O-acetylserine sulfhydrylase A,Cyanobacteria,eggnog,2,21,17,Prochlorococcus | Synechococcus,cross_genus
P9301_04271,Prochlorococcus MIT9301,eggnog:1GMGD@1117,PMN2A_RS02170,"O-succinylhomoserine(thiol)-lyase, MetB-like protein",Cyanobacteria,eggnog,2,11,11,Prochlorococcus,single_genus
P9301_04281,Prochlorococcus MIT9301,eggnog:1G43Q@1117,metB,O-succinylhomoserine(thiol)-lyase,Cyanobacteria,eggnog,2,15,15,Prochlorococcus | Synechococcus,cross_genus
P9301_06691,Prochlorococcus MIT9301,eggnog:1G4EH@1117,metY,O-acetylhomoserine aminocarboxypropyltransferase,Cyanobacteria,eggnog,2,17,17,Prochlorococcus | Synechococcus,cross_genus
P9301_08821,Prochlorococcus MIT9301,eggnog:1G0UF@1117,urtE,"ABC-type urea transporter, ATPase component UrtE",Cyanobacteria,eggnog,2,15,15,Prochlorococcus | Synechococcus | Thermosynechococcus,cross_genus
P9301_08831,Prochlorococcus MIT9301,eggnog:1G4VP@1117,urtD,"ABC-type urea transporter, ATP-binding component UrtD",Cyanobacteria,eggnog,2,8,8,Prochlorococcus,single_genus
P9301_08841,Prochlorococcus MIT9301,eggnog:1G0QD@1117,urtC,"ABC-type urea transporter, membrane component",Cyanobacteria,eggnog,2,13,13,Prochlorococcus | Synechococcus | Thermosynechococcus,cross_genus
P9301_08851,Prochlorococcus MIT9301,eggnog:1G22F@1117,urtB,"ABC-type urea transporter, permease component",Cyanobacteria,eggnog,2,15,15,Prochlorococcus | Synechococcus | Thermosynechococcus,cross_genus
P9301_08861,Prochlorococcus MIT9301,eggnog:1G29H@1117,urtA,"ABC-type urea transporter, substrate binding component",Cyanobacteria,eggnog,2,17,16,Prochlorococcus | Synechococcus | Thermosynechococcus,cross_genus
P9301_08871,Prochlorococcus MIT9301,eggnog:1G0GT@1117,ureG,urease accessory protein UreG,Cyanobacteria,eggnog,2,15,15,Prochlorococcus | Synechococcus | Thermosynechococcus,cross_genus
P9301_08881,Prochlorococcus MIT9301,eggnog:1GC52@1117,ureF,urease accessory protein UreF,Cyanobacteria,eggnog,2,10,10,Prochlorococcus,single_genus
P9301_08891,Prochlorococcus MIT9301,eggnog:1G6TF@1117,ureE,urease accessory protein UreE,Cyanobacteria,eggnog,2,13,13,Prochlorococcus | Synechococcus | Thermosynechococcus,cross_genus
P9301_08901,Prochlorococcus MIT9301,eggnog:1G10F@1117,ureD,urease accessory protein UreD,Cyanobacteria,eggnog,2,15,15,Prochlorococcus | Synechococcus | Thermosynechococcus,cross_genus
P9301_08911,Prochlorococcus MIT9301,eggnog:1G6KQ@1117,ureA,urease gamma subunit,Cyanobacteria,eggnog,2,15,15,Prochlorococcus | Synechococcus | Thermosynechococcus,cross_genus
P9301_08921,Prochlorococcus MIT9301,eggnog:1G6IB@1117,ureB,urease beta subunit,Cyanobacteria,eggnog,2,15,15,Prochlorococcus | Synechococcus | Thermosynechococcus,cross_genus
P9301_08931,Prochlorococcus MIT9301,eggnog:1G12D@1117,ureC,urease alpha subunit,Cyanobacteria,eggnog,2,15,15,Prochlorococcus | Synechococcus | Thermosynechococcus,cross_genus
P9301_09071,Prochlorococcus MIT9301,eggnog:1G19V@1117,carA,carbamoyl-phosphate synthase small subunit,Cyanobacteria,eggnog,2,19,19,Prochlorococcus | Synechococcus | Thermosynechococcus,cross_genus
P9301_09391,Prochlorococcus MIT9301,eggnog:1G255@1117,glnA,"glutamine synthetase, type I",Cyanobacteria,eggnog,2,19,19,Prochlorococcus | Synechococcus | Thermosynechococcus,cross_genus
P9301_13131,Prochlorococcus MIT9301,eggnog:1G1UJ@1117,merR,Nit6803 family nitrilase,Cyanobacteria,eggnog,2,5,5,Prochlorococcus | Synechococcus,cross_genus
P9301_16531,Prochlorococcus MIT9301,eggnog:1G5QJ@1117,glnB,nitrogen regulatory protein P-II,Cyanobacteria,eggnog,2,19,19,Prochlorococcus | Synechococcus | Thermosynechococcus,cross_genus
P9301_17041,Prochlorococcus MIT9301,eggnog:1G0XM@1117,glsF,ferredoxin-dependent glutamate synthase,Cyanobacteria,eggnog,2,19,19,Prochlorococcus | Synechococcus | Thermosynechococcus,cross_genus
P9301_17601,Prochlorococcus MIT9301,eggnog:1G0FS@1117,moeB,molybdopterin biosynthesis protein MoeB,Cyanobacteria,eggnog,2,19,19,Prochlorococcus | Synechococcus | Thermosynechococcus,cross_genus
P9301_18601,Prochlorococcus MIT9301,eggnog:1G03T@1117,metC,cystathionine beta-lyase family aluminum resistance protein,Cyanobacteria,eggnog,2,19,19,Prochlorococcus | Synechococcus | Thermosynechococcus,cross_genus
P9303_04671,Prochlorococcus MIT9303,eggnog:1G5QJ@1117,glnB,nitrogen regulatory protein P-II,Cyanobacteria,eggnog,2,19,19,Prochlorococcus | Synechococcus | Thermosynechococcus,cross_genus
P9303_13191,Prochlorococcus MIT9303,eggnog:1G4EH@1117,metY,O-acetylhomoserine aminocarboxypropyltransferase,Cyanobacteria,eggnog,2,17,17,Prochlorococcus | Synechococcus,cross_genus
P9303_15771,Prochlorococcus MIT9303,eggnog:1G19V@1117,carA,carbamoyl-phosphate synthase small subunit,Cyanobacteria,eggnog,2,19,19,Prochlorococcus | Synechococcus | Thermosynechococcus,cross_genus
P9303_16421,Prochlorococcus MIT9303,eggnog:1G255@1117,glnA,"glutamine synthetase, type I",Cyanobacteria,eggnog,2,19,19,Prochlorococcus | Synechococcus | Thermosynechococcus,cross_genus
P9303_21181,Prochlorococcus MIT9303,eggnog:1G43Q@1117,metB,O-succinylhomoserine(thiol)-lyase,Cyanobacteria,eggnog,2,15,15,Prochlorococcus | Synechococcus,cross_genus
P9303_21191,Prochlorococcus MIT9303,eggnog:1GMGD@1117,PMN2A_RS02170,"O-succinylhomoserine(thiol)-lyase, MetB-like protein",Cyanobacteria,eggnog,2,11,11,Prochlorococcus,single_genus
P9303_21201,Prochlorococcus MIT9303,eggnog:1G493@1117,cysK,O-acetylserine sulfhydrylase A,Cyanobacteria,eggnog,2,21,17,Prochlorococcus | Synechococcus,cross_genus
P9303_22891,Prochlorococcus MIT9303,eggnog:1G0FS@1117,moeB,molybdopterin biosynthesis protein MoeB,Cyanobacteria,eggnog,2,19,19,Prochlorococcus | Synechococcus | Thermosynechococcus,cross_genus
P9303_23581,Prochlorococcus MIT9303,eggnog:1G0XM@1117,glsF,ferredoxin-dependent glutamate synthase,Cyanobacteria,eggnog,2,19,19,Prochlorococcus | Synechococcus | Thermosynechococcus,cross_genus
P9303_24561,Prochlorococcus MIT9303,eggnog:1G07U@1117,ntcA,global nitrogen regulatory protein,Cyanobacteria,eggnog,2,20,19,Prochlorococcus | Synechococcus | Thermosynechococcus,cross_genus
P9303_24801,Prochlorococcus MIT9303,eggnog:1G0S8@1117,amt1,ammonium transporter,Cyanobacteria,eggnog,2,13,10,Prochlorococcus | Synechococcus | Thermosynechococcus,cross_genus
P9303_28921,Prochlorococcus MIT9303,eggnog:1G03T@1117,metC,cystathionine beta-lyase family aluminum resistance protein,Cyanobacteria,eggnog,2,19,19,Prochlorococcus | Synechococcus | Thermosynechococcus,cross_genus
P9303_29251,Prochlorococcus MIT9303,eggnog:1G2AC@1117,ntrX,nitrogen assimilation regulatory protein,Cyanobacteria,eggnog,2,7,7,Prochlorococcus | Synechococcus,cross_genus
P9303_29701,Prochlorococcus MIT9303,eggnog:1G0UF@1117,urtE,"ABC-type urea transporter, ATPase component UrtE",Cyanobacteria,eggnog,2,15,15,Prochlorococcus | Synechococcus | Thermosynechococcus,cross_genus
P9303_29711,Prochlorococcus MIT9303,eggnog:1G2Q2@1117,urtD,"ABC-type urea transporter, ATP-binding component UrtD",Cyanobacteria,eggnog,2,6,6,Prochlorococcus | Synechococcus | Thermosynechococcus,cross_genus
P9303_29721,Prochlorococcus MIT9303,eggnog:1GCPE@1117,urtC,"ABC-type urea transporter, membrane component",Cyanobacteria,eggnog,2,2,2,Prochlorococcus,single_genus
P9303_29731,Prochlorococcus MIT9303,eggnog:1G22F@1117,urtB,"ABC-type urea transporter, permease component",Cyanobacteria,eggnog,2,15,15,Prochlorococcus | Synechococcus | Thermosynechococcus,cross_genus
P9303_29741,Prochlorococcus MIT9303,eggnog:1G29H@1117,urtA,"ABC-type urea transporter, substrate binding component",Cyanobacteria,eggnog,2,17,16,Prochlorococcus | Synechococcus | Thermosynechococcus,cross_genus
P9303_29751,Prochlorococcus MIT9303,eggnog:1G0GT@1117,ureG,urease accessory protein UreG,Cyanobacteria,eggnog,2,15,15,Prochlorococcus | Synechococcus | Thermosynechococcus,cross_genus
P9303_29761,Prochlorococcus MIT9303,eggnog:1GC52@1117,ureF,urease accessory protein UreF,Cyanobacteria,eggnog,2,10,10,Prochlorococcus,single_genus
P9303_29771,Prochlorococcus MIT9303,eggnog:1G8J1@1117,ureE,urease accessory protein UreE,Cyanobacteria,eggnog,2,1,1,Prochlorococcus,single_genus
P9303_29781,Prochlorococcus MIT9303,eggnog:1G10F@1117,ureD,urease accessory protein UreD,Cyanobacteria,eggnog,2,15,15,Prochlorococcus | Synechococcus | Thermosynechococcus,cross_genus
P9303_29791,Prochlorococcus MIT9303,eggnog:1G6KQ@1117,ureA,urease gamma subunit,Cyanobacteria,eggnog,2,15,15,Prochlorococcus | Synechococcus | Thermosynechococcus,cross_genus
P9303_29801,Prochlorococcus MIT9303,eggnog:1G6IB@1117,ureB,urease beta subunit,Cyanobacteria,eggnog,2,15,15,Prochlorococcus | Synechococcus | Thermosynechococcus,cross_genus
P9303_29811,Prochlorococcus MIT9303,eggnog:1G12D@1117,ureC,urease alpha subunit,Cyanobacteria,eggnog,2,15,15,Prochlorococcus | Synechococcus | Thermosynechococcus,cross_genus
P9303_29861,Prochlorococcus MIT9303,eggnog:1G0Z6@1117,nirA,ferredoxin--nitrite reductase,Cyanobacteria,eggnog,2,14,13,Prochlorococcus | Synechococcus | Thermosynechococcus,cross_genus
P9303_29881,Prochlorococcus MIT9303,eggnog:1G0ZS@1117,focA,"nitrite transporter, FNT family",Cyanobacteria,eggnog,2,8,8,Prochlorococcus | Synechococcus,cross_genus
PMM0246,Prochlorococcus MED4,eggnog:1G07U@1117,ntcA,global nitrogen regulatory protein,Cyanobacteria,eggnog,2,20,19,Prochlorococcus | Synechococcus | Thermosynechococcus,cross_genus
PMM0263,Prochlorococcus MED4,eggnog:1GD8R@1117,amt1,ammonium transporter,Cyanobacteria,eggnog,2,9,9,Prochlorococcus,single_genus
PMM0371,Prochlorococcus MED4,eggnog:1GJ43@1117,cynB,"cyanate ABC transporter, permease protein",Cyanobacteria,eggnog,2,2,2,Prochlorococcus,single_genus
PMM0372,Prochlorococcus MED4,eggnog:1GBHI@1117,cynD,cyanate ABC transporter ATP-binding protein,Cyanobacteria,eggnog,2,2,2,Prochlorococcus,single_genus
PMM0373,Prochlorococcus MED4,eggnog:1G529@1117,cynS,cyanate hydratase,Cyanobacteria,eggnog,2,12,11,Prochlorococcus | Synechococcus,cross_genus
PMM0407,Prochlorococcus MED4,eggnog:1G493@1117,cysK,O-acetylserine sulfhydrylase A,Cyanobacteria,eggnog,2,21,17,Prochlorococcus | Synechococcus,cross_genus
PMM0408,Prochlorococcus MED4,eggnog:1GMGD@1117,PMN2A_RS02170,"O-succinylhomoserine(thiol)-lyase, MetB-like protein",Cyanobacteria,eggnog,2,11,11,Prochlorococcus,single_genus
PMM0409,Prochlorococcus MED4,eggnog:1G43Q@1117,metB,O-succinylhomoserine(thiol)-lyase,Cyanobacteria,eggnog,2,15,15,Prochlorococcus | Synechococcus,cross_genus
PMM0642,Prochlorococcus MED4,eggnog:1G4EH@1117,metY,O-acetylhomoserine aminocarboxypropyltransferase,Cyanobacteria,eggnog,2,17,17,Prochlorococcus | Synechococcus,cross_genus
PMM0920,Prochlorococcus MED4,eggnog:1G255@1117,glnA,"glutamine synthetase, type I",Cyanobacteria,eggnog,2,19,19,Prochlorococcus | Synechococcus | Thermosynechococcus,cross_genus
PMM0951,Prochlorococcus MED4,eggnog:1G19V@1117,carA,carbamoyl-phosphate synthase small subunit,Cyanobacteria,eggnog,2,19,19,Prochlorococcus | Synechococcus | Thermosynechococcus,cross_genus
PMM0963,Prochlorococcus MED4,eggnog:1G12D@1117,ureC,urease alpha subunit,Cyanobacteria,eggnog,2,15,15,Prochlorococcus | Synechococcus | Thermosynechococcus,cross_genus
PMM0964,Prochlorococcus MED4,eggnog:1G6IB@1117,ureB,urease beta subunit,Cyanobacteria,eggnog,2,15,15,Prochlorococcus | Synechococcus | Thermosynechococcus,cross_genus
PMM0965,Prochlorococcus MED4,eggnog:1G6KQ@1117,ureA,urease gamma subunit,Cyanobacteria,eggnog,2,15,15,Prochlorococcus | Synechococcus | Thermosynechococcus,cross_genus
PMM0966,Prochlorococcus MED4,eggnog:1G10F@1117,ureD,urease accessory protein UreD,Cyanobacteria,eggnog,2,15,15,Prochlorococcus | Synechococcus | Thermosynechococcus,cross_genus
PMM0967,Prochlorococcus MED4,eggnog:1G6TF@1117,ureE,urease accessory protein UreE,Cyanobacteria,eggnog,2,13,13,Prochlorococcus | Synechococcus | Thermosynechococcus,cross_genus
PMM0968,Prochlorococcus MED4,eggnog:1GC52@1117,ureF,urease accessory protein UreF,Cyanobacteria,eggnog,2,10,10,Prochlorococcus,single_genus
PMM0969,Prochlorococcus MED4,eggnog:1G0GT@1117,ureG,urease accessory protein UreG,Cyanobacteria,eggnog,2,15,15,Prochlorococcus | Synechococcus | Thermosynechococcus,cross_genus
PMM0970,Prochlorococcus MED4,eggnog:1G29H@1117,urtA,"ABC-type urea transporter, substrate binding component",Cyanobacteria,eggnog,2,17,16,Prochlorococcus | Synechococcus | Thermosynechococcus,cross_genus
PMM0971,Prochlorococcus MED4,eggnog:1G22F@1117,urtB,"ABC-type urea transporter, permease component",Cyanobacteria,eggnog,2,15,15,Prochlorococcus | Synechococcus | Thermosynechococcus,cross_genus
PMM0972,Prochlorococcus MED4,eggnog:1G0QD@1117,urtC,"ABC-type urea transporter, membrane component",Cyanobacteria,eggnog,2,13,13,Prochlorococcus | Synechococcus | Thermosynechococcus,cross_genus
PMM0973,Prochlorococcus MED4,eggnog:1G4VP@1117,urtD,"ABC-type urea transporter, ATP-binding component UrtD",Cyanobacteria,eggnog,2,8,8,Prochlorococcus,single_genus
PMM0974,Prochlorococcus MED4,eggnog:1G0UF@1117,urtE,"ABC-type urea transporter, ATPase component UrtE",Cyanobacteria,eggnog,2,15,15,Prochlorococcus | Synechococcus | Thermosynechococcus,cross_genus
PMM1463,Prochlorococcus MED4,eggnog:1G5QJ@1117,glnB,nitrogen regulatory protein P-II,Cyanobacteria,eggnog,2,19,19,Prochlorococcus | Synechococcus | Thermosynechococcus,cross_genus
PMM1512,Prochlorococcus MED4,eggnog:1G0XM@1117,glsF,ferredoxin-dependent glutamate synthase,Cyanobacteria,eggnog,2,19,19,Prochlorococcus | Synechococcus | Thermosynechococcus,cross_genus
PMM1569,Prochlorococcus MED4,eggnog:1G0FS@1117,moeB,molybdopterin biosynthesis protein MoeB,Cyanobacteria,eggnog,2,19,19,Prochlorococcus | Synechococcus | Thermosynechococcus,cross_genus
PMM1670,Prochlorococcus MED4,eggnog:1G03T@1117,metC,cystathionine beta-lyase family aluminum resistance protein,Cyanobacteria,eggnog,2,19,19,Prochlorococcus | Synechococcus | Thermosynechococcus,cross_genus
PMN2A_0083,Prochlorococcus NATL2A,eggnog:1G4EH@1117,metY,O-acetylhomoserine aminocarboxypropyltransferase,Cyanobacteria,eggnog,2,17,17,Prochlorococcus | Synechococcus,cross_genus
PMN2A_0141,Prochlorococcus NATL2A,eggnog:1G255@1117,glnA,"glutamine synthetase, type I",Cyanobacteria,eggnog,2,19,19,Prochlorococcus | Synechococcus | Thermosynechococcus,cross_genus
PMN2A_0259,Prochlorococcus NATL2A,eggnog:1G19V@1117,carA,carbamoyl-phosphate synthase small subunit,Cyanobacteria,eggnog,2,19,19,Prochlorococcus | Synechococcus | Thermosynechococcus,cross_genus
PMN2A_0498,Prochlorococcus NATL2A,eggnog:1GRCJ@1117,PMN2A_RS05525,nitroreductase family protein,Cyanobacteria,eggnog,2,3,3,Prochlorococcus,single_genus
PMN2A_0993,Prochlorococcus NATL2A,eggnog:1G5QJ@1117,glnB,nitrogen regulatory protein P-II,Cyanobacteria,eggnog,2,19,19,Prochlorococcus | Synechococcus | Thermosynechococcus,cross_genus
PMN2A_1044,Prochlorococcus NATL2A,eggnog:1G0UF@1117,urtE,"ABC-type urea transporter, ATPase component UrtE",Cyanobacteria,eggnog,2,15,15,Prochlorococcus | Synechococcus | Thermosynechococcus,cross_genus
PMN2A_1045,Prochlorococcus NATL2A,eggnog:1G4VP@1117,urtD,"ABC-type urea transporter, ATP-binding component UrtD",Cyanobacteria,eggnog,2,8,8,Prochlorococcus,single_genus
PMN2A_1046,Prochlorococcus NATL2A,eggnog:1G0QD@1117,urtC,"ABC-type urea transporter, membrane component",Cyanobacteria,eggnog,2,13,13,Prochlorococcus | Synechococcus | Thermosynechococcus,cross_genus
PMN2A_1047,Prochlorococcus NATL2A,eggnog:1G22F@1117,urtB,"ABC-type urea transporter, permease component",Cyanobacteria,eggnog,2,15,15,Prochlorococcus | Synechococcus | Thermosynechococcus,cross_genus
PMN2A_1048,Prochlorococcus NATL2A,eggnog:1G29H@1117,urtA,"ABC-type urea transporter, substrate binding component",Cyanobacteria,eggnog,2,17,16,Prochlorococcus | Synechococcus | Thermosynechococcus,cross_genus
PMN2A_1049,Prochlorococcus NATL2A,eggnog:1G0GT@1117,ureG,urease accessory protein UreG,Cyanobacteria,eggnog,2,15,15,Prochlorococcus | Synechococcus | Thermosynechococcus,cross_genus
PMN2A_1050,Prochlorococcus NATL2A,eggnog:1GC52@1117,ureF,urease accessory protein UreF,Cyanobacteria,eggnog,2,10,10,Prochlorococcus,single_genus
PMN2A_1051,Prochlorococcus NATL2A,eggnog:1G6TF@1117,ureE,urease accessory protein UreE,Cyanobacteria,eggnog,2,13,13,Prochlorococcus | Synechococcus | Thermosynechococcus,cross_genus
PMN2A_1052,Prochlorococcus NATL2A,eggnog:1G10F@1117,ureD,urease accessory protein UreD,Cyanobacteria,eggnog,2,15,15,Prochlorococcus | Synechococcus | Thermosynechococcus,cross_genus
PMN2A_1053,Prochlorococcus NATL2A,eggnog:1G6KQ@1117,ureA,urease gamma subunit,Cyanobacteria,eggnog,2,15,15,Prochlorococcus | Synechococcus | Thermosynechococcus,cross_genus
PMN2A_1054,Prochlorococcus NATL2A,eggnog:1G6IB@1117,ureB,urease beta subunit,Cyanobacteria,eggnog,2,15,15,Prochlorococcus | Synechococcus | Thermosynechococcus,cross_genus
PMN2A_1055,Prochlorococcus NATL2A,eggnog:1G12D@1117,ureC,urease alpha subunit,Cyanobacteria,eggnog,2,15,15,Prochlorococcus | Synechococcus | Thermosynechococcus,cross_genus
PMN2A_1078,Prochlorococcus NATL2A,eggnog:1G0XM@1117,glsF,ferredoxin-dependent glutamate synthase,Cyanobacteria,eggnog,2,19,19,Prochlorococcus | Synechococcus | Thermosynechococcus,cross_genus
PMN2A_1141,Prochlorococcus NATL2A,eggnog:1G0FS@1117,moeB,molybdopterin biosynthesis protein MoeB,Cyanobacteria,eggnog,2,19,19,Prochlorococcus | Synechococcus | Thermosynechococcus,cross_genus
PMN2A_1269,Prochlorococcus NATL2A,eggnog:1G03T@1117,metC,cystathionine beta-lyase family aluminum resistance protein,Cyanobacteria,eggnog,2,19,19,Prochlorococcus | Synechococcus | Thermosynechococcus,cross_genus
PMN2A_1298,Prochlorococcus NATL2A,eggnog:1G0Z6@1117,nirA,ferredoxin--nitrite reductase,Cyanobacteria,eggnog,2,14,13,Prochlorococcus | Synechococcus | Thermosynechococcus,cross_genus
PMN2A_1299,Prochlorococcus NATL2A,eggnog:1G0ZS@1117,focA,"nitrite transporter, FNT family",Cyanobacteria,eggnog,2,8,8,Prochlorococcus | Synechococcus,cross_genus
PMN2A_1390,Prochlorococcus NATL2A,eggnog:1G529@1117,cynS,cyanate hydratase,Cyanobacteria,eggnog,2,12,11,Prochlorococcus | Synechococcus,cross_genus
PMN2A_1612,Prochlorococcus NATL2A,eggnog:1G07U@1117,ntcA,global nitrogen regulatory protein,Cyanobacteria,eggnog,2,20,19,Prochlorococcus | Synechococcus | Thermosynechococcus,cross_genus
PMN2A_1629,Prochlorococcus NATL2A,eggnog:1GD8R@1117,amt1,ammonium transporter,Cyanobacteria,eggnog,2,9,9,Prochlorococcus,single_genus
PMN2A_1741,Prochlorococcus NATL2A,eggnog:1G493@1117,cysK,O-acetylserine sulfhydrylase A,Cyanobacteria,eggnog,2,21,17,Prochlorococcus | Synechococcus,cross_genus
PMN2A_1742,Prochlorococcus NATL2A,eggnog:1GMGD@1117,PMN2A_RS02170,"O-succinylhomoserine(thiol)-lyase, MetB-like protein",Cyanobacteria,eggnog,2,11,11,Prochlorococcus,single_genus
PMN2A_1743,Prochlorococcus NATL2A,eggnog:1G43Q@1117,metB,O-succinylhomoserine(thiol)-lyase,Cyanobacteria,eggnog,2,15,15,Prochlorococcus | Synechococcus,cross_genus
PMT0224,Prochlorococcus MIT9313,eggnog:1G493@1117,cysK,O-acetylserine sulfhydrylase A,Cyanobacteria,eggnog,2,21,17,Prochlorococcus | Synechococcus,cross_genus
PMT0225,Prochlorococcus MIT9313,eggnog:1GMGD@1117,PMN2A_RS02170,"O-succinylhomoserine(thiol)-lyase, MetB-like protein",Cyanobacteria,eggnog,2,11,11,Prochlorococcus,single_genus
PMT0226,Prochlorococcus MIT9313,eggnog:1G43Q@1117,metB,O-succinylhomoserine(thiol)-lyase,Cyanobacteria,eggnog,2,15,15,Prochlorococcus | Synechococcus,cross_genus
PMT0601,Prochlorococcus MIT9313,eggnog:1G255@1117,glnA,"glutamine synthetase, type I",Cyanobacteria,eggnog,2,19,19,Prochlorococcus | Synechococcus | Thermosynechococcus,cross_genus
PMT0653,Prochlorococcus MIT9313,eggnog:1G19V@1117,carA,carbamoyl-phosphate synthase small subunit,Cyanobacteria,eggnog,2,19,19,Prochlorococcus | Synechococcus | Thermosynechococcus,cross_genus
PMT0875,Prochlorococcus MIT9313,eggnog:1G4EH@1117,metY,O-acetylhomoserine aminocarboxypropyltransferase,Cyanobacteria,eggnog,2,17,17,Prochlorococcus | Synechococcus,cross_genus
PMT1481,Prochlorococcus MIT9313,eggnog:1G5QJ@1117,glnB,nitrogen regulatory protein P-II,Cyanobacteria,eggnog,2,19,19,Prochlorococcus | Synechococcus | Thermosynechococcus,cross_genus
PMT1719,Prochlorococcus MIT9313,eggnog:1G0FS@1117,moeB,molybdopterin biosynthesis protein MoeB,Cyanobacteria,eggnog,2,19,19,Prochlorococcus | Synechococcus | Thermosynechococcus,cross_genus
PMT1777,Prochlorococcus MIT9313,eggnog:1G0XM@1117,glsF,ferredoxin-dependent glutamate synthase,Cyanobacteria,eggnog,2,19,19,Prochlorococcus | Synechococcus | Thermosynechococcus,cross_genus
PMT1831,Prochlorococcus MIT9313,eggnog:1G07U@1117,ntcA,global nitrogen regulatory protein,Cyanobacteria,eggnog,2,20,19,Prochlorococcus | Synechococcus | Thermosynechococcus,cross_genus
PMT1853,Prochlorococcus MIT9313,eggnog:1G0S8@1117,amt1,ammonium transporter,Cyanobacteria,eggnog,2,13,10,Prochlorococcus | Synechococcus | Thermosynechococcus,cross_genus
PMT2171,Prochlorococcus MIT9313,eggnog:1G03T@1117,metC,cystathionine beta-lyase family aluminum resistance protein,Cyanobacteria,eggnog,2,19,19,Prochlorococcus | Synechococcus | Thermosynechococcus,cross_genus
PMT2200,Prochlorococcus MIT9313,eggnog:1G2AC@1117,ntrX,nitrogen assimilation regulatory protein,Cyanobacteria,eggnog,2,7,7,Prochlorococcus | Synechococcus,cross_genus
PMT2225,Prochlorococcus MIT9313,eggnog:1G0UF@1117,urtE,"ABC-type urea transporter, ATPase component UrtE",Cyanobacteria,eggnog,2,15,15,Prochlorococcus | Synechococcus | Thermosynechococcus,cross_genus
PMT2226,Prochlorococcus MIT9313,eggnog:1G2Q2@1117,urtD,"ABC-type urea transporter, ATP-binding component UrtD",Cyanobacteria,eggnog,2,6,6,Prochlorococcus | Synechococcus | Thermosynechococcus,cross_genus
PMT2227,Prochlorococcus MIT9313,eggnog:1GCPE@1117,urtC,"ABC-type urea transporter, membrane component",Cyanobacteria,eggnog,2,2,2,Prochlorococcus,single_genus
PMT2228,Prochlorococcus MIT9313,eggnog:1G22F@1117,urtB,"ABC-type urea transporter, permease component",Cyanobacteria,eggnog,2,15,15,Prochlorococcus | Synechococcus | Thermosynechococcus,cross_genus
PMT2229,Prochlorococcus MIT9313,eggnog:1G29H@1117,urtA,"ABC-type urea transporter, substrate binding component",Cyanobacteria,eggnog,2,17,16,Prochlorococcus | Synechococcus | Thermosynechococcus,cross_genus
PMT2230,Prochlorococcus MIT9313,eggnog:1G0GT@1117,ureG,urease accessory protein UreG,Cyanobacteria,eggnog,2,15,15,Prochlorococcus | Synechococcus | Thermosynechococcus,cross_genus
PMT2231,Prochlorococcus MIT9313,eggnog:1GC52@1117,ureF,urease accessory protein UreF,Cyanobacteria,eggnog,2,10,10,Prochlorococcus,single_genus
PMT2233,Prochlorococcus MIT9313,eggnog:1G10F@1117,ureD,urease accessory protein UreD,Cyanobacteria,eggnog,2,15,15,Prochlorococcus | Synechococcus | Thermosynechococcus,cross_genus
PMT2234,Prochlorococcus MIT9313,eggnog:1G6KQ@1117,ureA,urease gamma subunit,Cyanobacteria,eggnog,2,15,15,Prochlorococcus | Synechococcus | Thermosynechococcus,cross_genus
PMT2235,Prochlorococcus MIT9313,eggnog:1G6IB@1117,ureB,urease beta subunit,Cyanobacteria,eggnog,2,15,15,Prochlorococcus | Synechococcus | Thermosynechococcus,cross_genus
PMT2236,Prochlorococcus MIT9313,eggnog:1G12D@1117,ureC,urease alpha subunit,Cyanobacteria,eggnog,2,15,15,Prochlorococcus | Synechococcus | Thermosynechococcus,cross_genus
PMT2239,Prochlorococcus MIT9313,eggnog:1G0Z6@1117,nirA,ferredoxin--nitrite reductase,Cyanobacteria,eggnog,2,14,13,Prochlorococcus | Synechococcus | Thermosynechococcus,cross_genus
PMT2240,Prochlorococcus MIT9313,eggnog:1G0ZS@1117,focA,"nitrite transporter, FNT family",Cyanobacteria,eggnog,2,8,8,Prochlorococcus | Synechococcus,cross_genus
PMT9312_0248,Prochlorococcus MIT9312,eggnog:1G07U@1117,ntcA,global nitrogen regulatory protein,Cyanobacteria,eggnog,2,20,19,Prochlorococcus | Synechococcus | Thermosynechococcus,cross_genus
PMT9312_0265,Prochlorococcus MIT9312,eggnog:1GD8R@1117,amt1,ammonium transporter,Cyanobacteria,eggnog,2,9,9,Prochlorococcus,single_genus
PMT9312_0402,Prochlorococcus MIT9312,eggnog:1G493@1117,cysK,O-acetylserine sulfhydrylase A,Cyanobacteria,eggnog,2,21,17,Prochlorococcus | Synechococcus,cross_genus
PMT9312_0403,Prochlorococcus MIT9312,eggnog:1GMGD@1117,PMN2A_RS02170,"O-succinylhomoserine(thiol)-lyase, MetB-like protein",Cyanobacteria,eggnog,2,11,11,Prochlorococcus,single_genus
PMT9312_0404,Prochlorococcus MIT9312,eggnog:1G43Q@1117,metB,O-succinylhomoserine(thiol)-lyase,Cyanobacteria,eggnog,2,15,15,Prochlorococcus | Synechococcus,cross_genus
PMT9312_0642,Prochlorococcus MIT9312,eggnog:1G4EH@1117,metY,O-acetylhomoserine aminocarboxypropyltransferase,Cyanobacteria,eggnog,2,17,17,Prochlorococcus | Synechococcus,cross_genus
PMT9312_0825,Prochlorococcus MIT9312,eggnog:1G0UF@1117,urtE,"ABC-type urea transporter, ATPase component UrtE",Cyanobacteria,eggnog,2,15,15,Prochlorococcus | Synechococcus | Thermosynechococcus,cross_genus
PMT9312_0826,Prochlorococcus MIT9312,eggnog:1G4VP@1117,urtD,"ABC-type urea transporter, ATP-binding component UrtD",Cyanobacteria,eggnog,2,8,8,Prochlorococcus,single_genus
PMT9312_0827,Prochlorococcus MIT9312,eggnog:1G0QD@1117,urtC,"ABC-type urea transporter, membrane component",Cyanobacteria,eggnog,2,13,13,Prochlorococcus | Synechococcus | Thermosynechococcus,cross_genus
PMT9312_0828,Prochlorococcus MIT9312,eggnog:1G22F@1117,urtB,"ABC-type urea transporter, permease component",Cyanobacteria,eggnog,2,15,15,Prochlorococcus | Synechococcus | Thermosynechococcus,cross_genus
PMT9312_0829,Prochlorococcus MIT9312,eggnog:1G29H@1117,urtA,"ABC-type urea transporter, substrate binding component",Cyanobacteria,eggnog,2,17,16,Prochlorococcus | Synechococcus | Thermosynechococcus,cross_genus
PMT9312_0830,Prochlorococcus MIT9312,eggnog:1G0GT@1117,ureG,urease accessory protein UreG,Cyanobacteria,eggnog,2,15,15,Prochlorococcus | Synechococcus | Thermosynechococcus,cross_genus
PMT9312_0831,Prochlorococcus MIT9312,eggnog:1GC52@1117,ureF,urease accessory protein UreF,Cyanobacteria,eggnog,2,10,10,Prochlorococcus,single_genus
PMT9312_0832,Prochlorococcus MIT9312,eggnog:1G6TF@1117,ureE,urease accessory protein UreE,Cyanobacteria,eggnog,2,13,13,Prochlorococcus | Synechococcus | Thermosynechococcus,cross_genus
PMT9312_0833,Prochlorococcus MIT9312,eggnog:1G10F@1117,ureD,urease accessory protein UreD,Cyanobacteria,eggnog,2,15,15,Prochlorococcus | Synechococcus | Thermosynechococcus,cross_genus
PMT9312_0834,Prochlorococcus MIT9312,eggnog:1G6KQ@1117,ureA,urease gamma subunit,Cyanobacteria,eggnog,2,15,15,Prochlorococcus | Synechococcus | Thermosynechococcus,cross_genus
PMT9312_0835,Prochlorococcus MIT9312,eggnog:1G6IB@1117,ureB,urease beta subunit,Cyanobacteria,eggnog,2,15,15,Prochlorococcus | Synechococcus | Thermosynechococcus,cross_genus
PMT9312_0836,Prochlorococcus MIT9312,eggnog:1G12D@1117,ureC,urease alpha subunit,Cyanobacteria,eggnog,2,15,15,Prochlorococcus | Synechococcus | Thermosynechococcus,cross_genus
PMT9312_0848,Prochlorococcus MIT9312,eggnog:1G19V@1117,carA,carbamoyl-phosphate synthase small subunit,Cyanobacteria,eggnog,2,19,19,Prochlorococcus | Synechococcus | Thermosynechococcus,cross_genus
PMT9312_0880,Prochlorococcus MIT9312,eggnog:1G255@1117,glnA,"glutamine synthetase, type I",Cyanobacteria,eggnog,2,19,19,Prochlorococcus | Synechococcus | Thermosynechococcus,cross_genus
PMT9312_1556,Prochlorococcus MIT9312,eggnog:1G5QJ@1117,glnB,nitrogen regulatory protein P-II,Cyanobacteria,eggnog,2,19,19,Prochlorococcus | Synechococcus | Thermosynechococcus,cross_genus
PMT9312_1604,Prochlorococcus MIT9312,eggnog:1G0XM@1117,glsF,ferredoxin-dependent glutamate synthase,Cyanobacteria,eggnog,2,19,19,Prochlorococcus | Synechococcus | Thermosynechococcus,cross_genus
PMT9312_1661,Prochlorococcus MIT9312,eggnog:1G0FS@1117,moeB,molybdopterin biosynthesis protein MoeB,Cyanobacteria,eggnog,2,19,19,Prochlorococcus | Synechococcus | Thermosynechococcus,cross_genus
PMT9312_1762,Prochlorococcus MIT9312,eggnog:1G03T@1117,metC,cystathionine beta-lyase family aluminum resistance protein,Cyanobacteria,eggnog,2,19,19,Prochlorococcus | Synechococcus | Thermosynechococcus,cross_genus
Pro0277,Prochlorococcus marinus subsp. marinus CCMP1375 (SS120),eggnog:1G07U@1117,ntcA,global nitrogen regulatory protein,Cyanobacteria,eggnog,2,20,19,Prochlorococcus | Synechococcus | Thermosynechococcus,cross_genus
Pro0295,Prochlorococcus marinus subsp. marinus CCMP1375 (SS120),eggnog:1GD8R@1117,amt1,ammonium transporter,Cyanobacteria,eggnog,2,9,9,Prochlorococcus,single_genus
Pro0403,Prochlorococcus marinus subsp. marinus CCMP1375 (SS120),eggnog:1G493@1117,cysK,O-acetylserine sulfhydrylase A,Cyanobacteria,eggnog,2,21,17,Prochlorococcus | Synechococcus,cross_genus
Pro0404,Prochlorococcus marinus subsp. marinus CCMP1375 (SS120),eggnog:1GMGD@1117,PMN2A_RS02170,"O-succinylhomoserine(thiol)-lyase, MetB-like protein",Cyanobacteria,eggnog,2,11,11,Prochlorococcus,single_genus
Pro0405,Prochlorococcus marinus subsp. marinus CCMP1375 (SS120),eggnog:1G43Q@1117,metB,O-succinylhomoserine(thiol)-lyase,Cyanobacteria,eggnog,2,15,15,Prochlorococcus | Synechococcus,cross_genus
Pro0745,Prochlorococcus marinus subsp. marinus CCMP1375 (SS120),eggnog:1G19V@1117,carA,carbamoyl-phosphate synthase small subunit,Cyanobacteria,eggnog,2,19,19,Prochlorococcus | Synechococcus | Thermosynechococcus,cross_genus
Pro0800,Prochlorococcus marinus subsp. marinus CCMP1375 (SS120),eggnog:1G4EH@1117,metY,O-acetylhomoserine aminocarboxypropyltransferase,Cyanobacteria,eggnog,2,17,17,Prochlorococcus | Synechococcus,cross_genus
Pro1038,Prochlorococcus marinus subsp. marinus CCMP1375 (SS120),eggnog:1G255@1117,glnA,"glutamine synthetase, type I",Cyanobacteria,eggnog,2,19,19,Prochlorococcus | Synechococcus | Thermosynechococcus,cross_genus
Pro1616,Prochlorococcus marinus subsp. marinus CCMP1375 (SS120),eggnog:1G5QJ@1117,glnB,nitrogen regulatory protein P-II,Cyanobacteria,eggnog,2,19,19,Prochlorococcus | Synechococcus | Thermosynechococcus,cross_genus
Pro1668,Prochlorococcus marinus subsp. marinus CCMP1375 (SS120),eggnog:1G0XM@1117,glsF,ferredoxin-dependent glutamate synthase,Cyanobacteria,eggnog,2,19,19,Prochlorococcus | Synechococcus | Thermosynechococcus,cross_genus
Pro1724,Prochlorococcus marinus subsp. marinus CCMP1375 (SS120),eggnog:1G0FS@1117,moeB,molybdopterin biosynthesis protein MoeB,Cyanobacteria,eggnog,2,19,19,Prochlorococcus | Synechococcus | Thermosynechococcus,cross_genus
Pro1831,Prochlorococcus marinus subsp. marinus CCMP1375 (SS120),eggnog:1G03T@1117,metC,cystathionine beta-lyase family aluminum resistance protein,Cyanobacteria,eggnog,2,19,19,Prochlorococcus | Synechococcus | Thermosynechococcus,cross_genus
SYNW0253,Synechococcus WH8102,eggnog:1G0S8@1117,amt1,ammonium transporter,Cyanobacteria,eggnog,2,13,10,Prochlorococcus | Synechococcus | Thermosynechococcus,cross_genus
SYNW0275,Synechococcus WH8102,eggnog:1G07U@1117,ntcA,global nitrogen regulatory protein,Cyanobacteria,eggnog,2,20,19,Prochlorococcus | Synechococcus | Thermosynechococcus,cross_genus
SYNW0374,Synechococcus WH8102,eggnog:1G29H@1117,urtA,"ABC-type urea transporter, substrate binding component",Cyanobacteria,eggnog,2,17,16,Prochlorococcus | Synechococcus | Thermosynechococcus,cross_genus
SYNW0462,Synechococcus WH8102,eggnog:1G5QJ@1117,glnB,nitrogen regulatory protein P-II,Cyanobacteria,eggnog,2,19,19,Prochlorococcus | Synechococcus | Thermosynechococcus,cross_genus
SYNW0673,Synechococcus WH8102,eggnog:1G493@1117,cysK,O-acetylserine sulfhydrylase A,Cyanobacteria,eggnog,2,21,17,Prochlorococcus | Synechococcus,cross_genus
SYNW0674,Synechococcus WH8102,eggnog:1GCF1@1117,metB,"O-succinylhomoserine(thiol)-lyase, MetB-like protein",Cyanobacteria,eggnog,2,4,4,Synechococcus,single_genus
SYNW0675,Synechococcus WH8102,eggnog:1G43Q@1117,metB,O-succinylhomoserine(thiol)-lyase,Cyanobacteria,eggnog,2,15,15,Prochlorococcus | Synechococcus,cross_genus
SYNW0851,Synechococcus WH8102,eggnog:1G4EH@1117,metY,O-acetylhomoserine aminocarboxypropyltransferase,Cyanobacteria,eggnog,2,17,17,Prochlorococcus | Synechococcus,cross_genus
SYNW1026,Synechococcus WH8102,eggnog:1G19V@1117,carA,carbamoyl-phosphate synthase small subunit,Cyanobacteria,eggnog,2,19,19,Prochlorococcus | Synechococcus | Thermosynechococcus,cross_genus
SYNW1073,Synechococcus WH8102,eggnog:1G255@1117,glnA,"glutamine synthetase, type I",Cyanobacteria,eggnog,2,19,19,Prochlorococcus | Synechococcus | Thermosynechococcus,cross_genus
SYNW1425,Synechococcus WH8102,eggnog:1G1UJ@1117,merR,Nit6803 family nitrilase,Cyanobacteria,eggnog,2,5,5,Prochlorococcus | Synechococcus,cross_genus
SYNW2053,Synechococcus WH8102,eggnog:1G0FS@1117,moeB,molybdopterin biosynthesis protein MoeB,Cyanobacteria,eggnog,2,19,19,Prochlorococcus | Synechococcus | Thermosynechococcus,cross_genus
SYNW2132,Synechococcus WH8102,eggnog:1G0XM@1117,glsF,ferredoxin-dependent glutamate synthase,Cyanobacteria,eggnog,2,19,19,Prochlorococcus | Synechococcus | Thermosynechococcus,cross_genus
SYNW2376,Synechococcus WH8102,eggnog:1G03T@1117,metC,cystathionine beta-lyase family aluminum resistance protein,Cyanobacteria,eggnog,2,19,19,Prochlorococcus | Synechococcus | Thermosynechococcus,cross_genus
SYNW2438,Synechococcus WH8102,eggnog:1G0UF@1117,urtE,"ABC-type urea transporter, ATPase component UrtE",Cyanobacteria,eggnog,2,15,15,Prochlorococcus | Synechococcus | Thermosynechococcus,cross_genus
SYNW2439,Synechococcus WH8102,eggnog:1G2Q2@1117,urtD,"ABC-type urea transporter, ATP-binding component UrtD",Cyanobacteria,eggnog,2,6,6,Prochlorococcus | Synechococcus | Thermosynechococcus,cross_genus
SYNW2440,Synechococcus WH8102,eggnog:1G0QD@1117,urtC,"ABC-type urea transporter, membrane component",Cyanobacteria,eggnog,2,13,13,Prochlorococcus | Synechococcus | Thermosynechococcus,cross_genus
SYNW2441,Synechococcus WH8102,eggnog:1G22F@1117,urtB,"ABC-type urea transporter, permease component",Cyanobacteria,eggnog,2,15,15,Prochlorococcus | Synechococcus | Thermosynechococcus,cross_genus
SYNW2442,Synechococcus WH8102,eggnog:1G29H@1117,urtA,"ABC-type urea transporter, substrate binding component",Cyanobacteria,eggnog,2,17,16,Prochlorococcus | Synechococcus | Thermosynechococcus,cross_genus
SYNW2443,Synechococcus WH8102,eggnog:1G0GT@1117,ureG,urease accessory protein UreG,Cyanobacteria,eggnog,2,15,15,Prochlorococcus | Synechococcus | Thermosynechococcus,cross_genus
SYNW2444,Synechococcus WH8102,eggnog:1G3PC@1117,ureF,urease accessory protein UreF,Cyanobacteria,eggnog,2,5,5,Synechococcus | Thermosynechococcus,cross_genus
SYNW2445,Synechococcus WH8102,eggnog:1G6TF@1117,ureE,urease accessory protein UreE,Cyanobacteria,eggnog,2,13,13,Prochlorococcus | Synechococcus | Thermosynechococcus,cross_genus
SYNW2446,Synechococcus WH8102,eggnog:1G10F@1117,ureD,urease accessory protein UreD,Cyanobacteria,eggnog,2,15,15,Prochlorococcus | Synechococcus | Thermosynechococcus,cross_genus
SYNW2447,Synechococcus WH8102,eggnog:1G6KQ@1117,ureA,urease gamma subunit,Cyanobacteria,eggnog,2,15,15,Prochlorococcus | Synechococcus | Thermosynechococcus,cross_genus
SYNW2448,Synechococcus WH8102,eggnog:1G6IB@1117,ureB,urease beta subunit,Cyanobacteria,eggnog,2,15,15,Prochlorococcus | Synechococcus | Thermosynechococcus,cross_genus
SYNW2449,Synechococcus WH8102,eggnog:1G12D@1117,ureC,urease alpha subunit,Cyanobacteria,eggnog,2,15,15,Prochlorococcus | Synechococcus | Thermosynechococcus,cross_genus
SYNW2460,Synechococcus WH8102,eggnog:1G0VS@1117,moaA,molybdenum cofactor biosynthesis protein A,Cyanobacteria,eggnog,2,8,8,Synechococcus | Thermosynechococcus,cross_genus
SYNW2461,Synechococcus WH8102,eggnog:1GMZN@1117,mobA,molybdenum cofactor guanylyltransferase,Cyanobacteria,eggnog,2,4,4,Synechococcus,single_genus
SYNW2464,Synechococcus WH8102,eggnog:1G0DW@1117,narB,nitrate reductase,Cyanobacteria,eggnog,2,8,8,Synechococcus | Thermosynechococcus,cross_genus
SYNW2465,Synechococcus WH8102,eggnog:1G61D@1117,narM,nitrate reductase associated protein,Cyanobacteria,eggnog,2,8,8,Synechococcus | Thermosynechococcus,cross_genus
SYNW2468,Synechococcus WH8102,eggnog:1G53K@1117,moaC,molybdenum cofactor biosynthesis protein C,Cyanobacteria,eggnog,2,8,8,Synechococcus | Thermosynechococcus,cross_genus
SYNW2469,Synechococcus WH8102,eggnog:1G0K2@1117,moeA,molybdopterin biosynthesis protein MoeA,Cyanobacteria,eggnog,2,8,8,Synechococcus | Thermosynechococcus,cross_genus
SYNW2472,Synechococcus WH8102,eggnog:1G5AI@1117,moaE,molybdenum cofactor biosynthesis protein E (molydbopterin converting factor large subunit),Cyanobacteria,eggnog,2,8,8,Synechococcus | Thermosynechococcus,cross_genus
SYNW2473,Synechococcus WH8102,eggnog:1GNRD@1117,moaD,molydbenum cofactor biosynthesis protein D (molybdopterin converting factor small subunit),Cyanobacteria,eggnog,2,4,4,Synechococcus,single_genus
SYNW2474,Synechococcus WH8102,eggnog:1G514@1117,moaB,molybdenum cofactor biosynthesis protein B,Cyanobacteria,eggnog,2,5,5,Synechococcus,single_genus
SYNW2477,Synechococcus WH8102,eggnog:1G0Z6@1117,nirA,ferredoxin--nitrite reductase,Cyanobacteria,eggnog,2,14,13,Prochlorococcus | Synechococcus | Thermosynechococcus,cross_genus
SYNW2485,Synechococcus WH8102,eggnog:1G1XM@1117,cynD,ABC transporter ATP-binding protein,Cyanobacteria,eggnog,2,8,4,Synechococcus,single_genus
SYNW2486,Synechococcus WH8102,eggnog:1G09I@1117,ntrB,nitrate ABC transporter permease,Cyanobacteria,eggnog,2,7,5,Synechococcus | Thermosynechococcus,cross_genus
SYNW2487,Synechococcus WH8102,eggnog:1GBHS@1117,cynA,ABC transporter substrate-binding protein,Cyanobacteria,eggnog,2,3,3,Synechococcus,single_genus
SYNW2490,Synechococcus WH8102,eggnog:1G529@1117,cynS,cyanate hydratase,Cyanobacteria,eggnog,2,12,11,Prochlorococcus | Synechococcus,cross_genus
SynWH7803_0297,Synechococcus WH7803,eggnog:1G0S8@1117,amt1,ammonium transporter,Cyanobacteria,eggnog,2,13,10,Prochlorococcus | Synechococcus | Thermosynechococcus,cross_genus
SynWH7803_0319,Synechococcus WH7803,eggnog:1G07U@1117,ntcA,global nitrogen regulatory protein,Cyanobacteria,eggnog,2,20,19,Prochlorococcus | Synechococcus | Thermosynechococcus,cross_genus
SynWH7803_0385,Synechococcus WH7803,eggnog:1G0XM@1117,glsF,ferredoxin-dependent glutamate synthase,Cyanobacteria,eggnog,2,19,19,Prochlorococcus | Synechococcus | Thermosynechococcus,cross_genus
SynWH7803_0448,Synechococcus WH7803,eggnog:1G0FS@1117,moeB,molybdopterin biosynthesis protein MoeB,Cyanobacteria,eggnog,2,19,19,Prochlorococcus | Synechococcus | Thermosynechococcus,cross_genus
SynWH7803_0585,Synechococcus WH7803,eggnog:1G493@1117,cysK,O-acetylserine sulfhydrylase A,Cyanobacteria,eggnog,2,21,17,Prochlorococcus | Synechococcus,cross_genus
SynWH7803_0586,Synechococcus WH7803,eggnog:1GCF1@1117,metB,"O-succinylhomoserine(thiol)-lyase, MetB-like protein",Cyanobacteria,eggnog,2,4,4,Synechococcus,single_genus
SynWH7803_0587,Synechococcus WH7803,eggnog:1G43Q@1117,metB,O-succinylhomoserine(thiol)-lyase,Cyanobacteria,eggnog,2,15,15,Prochlorococcus | Synechococcus,cross_genus
SynWH7803_0599,Synechococcus WH7803,eggnog:1G29H@1117,urtA,"ABC-type urea transporter, substrate binding component",Cyanobacteria,eggnog,2,17,16,Prochlorococcus | Synechococcus | Thermosynechococcus,cross_genus
SynWH7803_1061,Synechococcus WH7803,eggnog:1G19V@1117,carA,carbamoyl-phosphate synthase small subunit,Cyanobacteria,eggnog,2,19,19,Prochlorococcus | Synechococcus | Thermosynechococcus,cross_genus
SynWH7803_1347,Synechococcus WH7803,eggnog:1G255@1117,glnA,"glutamine synthetase, type I",Cyanobacteria,eggnog,2,19,19,Prochlorococcus | Synechococcus | Thermosynechococcus,cross_genus
SynWH7803_1407,Synechococcus WH7803,eggnog:1G4EH@1117,metY,O-acetylhomoserine aminocarboxypropyltransferase,Cyanobacteria,eggnog,2,17,17,Prochlorococcus | Synechococcus,cross_genus
SynWH7803_1458,Synechococcus WH7803,eggnog:1G0CH@1117,glnN1,"glutamine synthetase, type III",Cyanobacteria,eggnog,2,5,5,Synechococcus,single_genus
SynWH7803_2035,Synechococcus WH7803,eggnog:1G5QJ@1117,glnB,nitrogen regulatory protein P-II,Cyanobacteria,eggnog,2,19,19,Prochlorococcus | Synechococcus | Thermosynechococcus,cross_genus
SynWH7803_2414,Synechococcus WH7803,eggnog:1G03T@1117,metC,cystathionine beta-lyase family aluminum resistance protein,Cyanobacteria,eggnog,2,19,19,Prochlorococcus | Synechococcus | Thermosynechococcus,cross_genus
SynWH7803_2478,Synechococcus WH7803,eggnog:1G0VS@1117,moaA,molybdenum cofactor biosynthesis protein A,Cyanobacteria,eggnog,2,8,8,Synechococcus | Thermosynechococcus,cross_genus
SynWH7803_2479,Synechococcus WH7803,eggnog:1GMZN@1117,mobA,molybdenum cofactor guanylyltransferase,Cyanobacteria,eggnog,2,4,4,Synechococcus,single_genus
SynWH7803_2480,Synechococcus WH7803,eggnog:1G0NY@1117,nrtP,nitrate transporter,Cyanobacteria,eggnog,2,4,4,Synechococcus,single_genus
SynWH7803_2481,Synechococcus WH7803,eggnog:1G0DW@1117,narB,nitrate reductase,Cyanobacteria,eggnog,2,8,8,Synechococcus | Thermosynechococcus,cross_genus
SynWH7803_2482,Synechococcus WH7803,eggnog:1G61D@1117,narM,nitrate reductase associated protein,Cyanobacteria,eggnog,2,8,8,Synechococcus | Thermosynechococcus,cross_genus
SynWH7803_2484,Synechococcus WH7803,eggnog:1G53K@1117,moaC,molybdenum cofactor biosynthesis protein C,Cyanobacteria,eggnog,2,8,8,Synechococcus | Thermosynechococcus,cross_genus
SynWH7803_2485,Synechococcus WH7803,eggnog:1G0K2@1117,moeA,molybdopterin biosynthesis protein MoeA,Cyanobacteria,eggnog,2,8,8,Synechococcus | Thermosynechococcus,cross_genus
SynWH7803_2486,Synechococcus WH7803,eggnog:1G5AI@1117,moaE,molybdenum cofactor biosynthesis protein E (molydbopterin converting factor large subunit),Cyanobacteria,eggnog,2,8,8,Synechococcus | Thermosynechococcus,cross_genus
SynWH7803_2487,Synechococcus WH7803,eggnog:1GNRD@1117,moaD,molydbenum cofactor biosynthesis protein D (molybdopterin converting factor small subunit),Cyanobacteria,eggnog,2,4,4,Synechococcus,single_genus
SynWH7803_2488,Synechococcus WH7803,eggnog:1G514@1117,moaB,molybdenum cofactor biosynthesis protein B,Cyanobacteria,eggnog,2,5,5,Synechococcus,single_genus
SynWH7803_2492,Synechococcus WH7803,eggnog:1G0Z6@1117,nirA,ferredoxin--nitrite reductase,Cyanobacteria,eggnog,2,14,13,Prochlorococcus | Synechococcus | Thermosynechococcus,cross_genus
SynWH7803_2493,Synechococcus WH7803,eggnog:1G0ZS@1117,focA,"nitrite transporter, FNT family",Cyanobacteria,eggnog,2,8,8,Prochlorococcus | Synechococcus,cross_genus
SynWH7803_2495,Synechococcus WH7803,eggnog:1G529@1117,cynS,cyanate hydratase,Cyanobacteria,eggnog,2,12,11,Prochlorococcus | Synechococcus,cross_genus
SynWH7803_2496,Synechococcus WH7803,eggnog:1GP1E@1117,cynH,cyanate hydratase,Cyanobacteria,eggnog,2,3,3,Synechococcus,single_genus
TX72_RS12565,Synechococcus WH8102,eggnog:1GP1E@1117,cynH,cyanate hydratase,Cyanobacteria,eggnog,2,3,3,Synechococcus,single_genus
sync_0293,Synechococcus CC9311,eggnog:1G0S8@1117,amt1,ammonium transporter,Cyanobacteria,eggnog,2,13,10,Prochlorococcus | Synechococcus | Thermosynechococcus,cross_genus
sync_0316,Synechococcus CC9311,eggnog:1G07U@1117,ntcA,global nitrogen regulatory protein,Cyanobacteria,eggnog,2,20,19,Prochlorococcus | Synechococcus | Thermosynechococcus,cross_genus
sync_0387,Synechococcus CC9311,eggnog:1G0XM@1117,glsF,ferredoxin-dependent glutamate synthase,Cyanobacteria,eggnog,2,19,19,Prochlorococcus | Synechococcus | Thermosynechococcus,cross_genus
sync_0452,Synechococcus CC9311,eggnog:1G0FS@1117,moeB,molybdopterin biosynthesis protein MoeB,Cyanobacteria,eggnog,2,19,19,Prochlorococcus | Synechococcus | Thermosynechococcus,cross_genus
sync_0620,Synechococcus CC9311,eggnog:1G493@1117,cysK,O-acetylserine sulfhydrylase A,Cyanobacteria,eggnog,2,21,17,Prochlorococcus | Synechococcus,cross_genus
sync_0622,Synechococcus CC9311,eggnog:1GCF1@1117,metB,"O-succinylhomoserine(thiol)-lyase, MetB-like protein",Cyanobacteria,eggnog,2,4,4,Synechococcus,single_genus
sync_0623,Synechococcus CC9311,eggnog:1G43Q@1117,metB,O-succinylhomoserine(thiol)-lyase,Cyanobacteria,eggnog,2,15,15,Prochlorococcus | Synechococcus,cross_genus
sync_1180,Synechococcus CC9311,eggnog:1G4EH@1117,metY,O-acetylhomoserine aminocarboxypropyltransferase,Cyanobacteria,eggnog,2,17,17,Prochlorococcus | Synechococcus,cross_genus
sync_1253,Synechococcus CC9311,eggnog:1G0CH@1117,glnN1,"glutamine synthetase, type III",Cyanobacteria,eggnog,2,5,5,Synechococcus,single_genus
sync_1472,Synechococcus CC9311,eggnog:1G2AC@1117,ntrX,nitrogen assimilation regulatory protein,Cyanobacteria,eggnog,2,7,7,Prochlorococcus | Synechococcus,cross_genus
sync_1569,Synechococcus CC9311,eggnog:1G255@1117,glnA,"glutamine synthetase, type I",Cyanobacteria,eggnog,2,19,19,Prochlorococcus | Synechococcus | Thermosynechococcus,cross_genus
sync_1571,Synechococcus CC9311,eggnog:1GMPI@1117,,"putative urea transporter, UT family",Cyanobacteria,eggnog,2,1,1,Synechococcus,single_genus
sync_1636,Synechococcus CC9311,eggnog:1G19V@1117,carA,carbamoyl-phosphate synthase small subunit,Cyanobacteria,eggnog,2,19,19,Prochlorococcus | Synechococcus | Thermosynechococcus,cross_genus
sync_2331,Synechococcus CC9311,eggnog:1G5QJ@1117,glnB,nitrogen regulatory protein P-II,Cyanobacteria,eggnog,2,19,19,Prochlorococcus | Synechococcus | Thermosynechococcus,cross_genus
sync_2790,Synechococcus CC9311,eggnog:1G03T@1117,metC,cystathionine beta-lyase family aluminum resistance protein,Cyanobacteria,eggnog,2,19,19,Prochlorococcus | Synechococcus | Thermosynechococcus,cross_genus
sync_2868,Synechococcus CC9311,eggnog:1G0UF@1117,urtE,"ABC-type urea transporter, ATPase component UrtE",Cyanobacteria,eggnog,2,15,15,Prochlorococcus | Synechococcus | Thermosynechococcus,cross_genus
sync_2869,Synechococcus CC9311,eggnog:1G2Q2@1117,urtD,"ABC-type urea transporter, ATP-binding component UrtD",Cyanobacteria,eggnog,2,6,6,Prochlorococcus | Synechococcus | Thermosynechococcus,cross_genus
sync_2870,Synechococcus CC9311,eggnog:1G0QD@1117,urtC,"ABC-type urea transporter, membrane component",Cyanobacteria,eggnog,2,13,13,Prochlorococcus | Synechococcus | Thermosynechococcus,cross_genus
sync_2871,Synechococcus CC9311,eggnog:1G22F@1117,urtB,"ABC-type urea transporter, permease component",Cyanobacteria,eggnog,2,15,15,Prochlorococcus | Synechococcus | Thermosynechococcus,cross_genus
sync_2872,Synechococcus CC9311,eggnog:1G29H@1117,urtA,"ABC-type urea transporter, substrate binding component",Cyanobacteria,eggnog,2,17,16,Prochlorococcus | Synechococcus | Thermosynechococcus,cross_genus
sync_2873,Synechococcus CC9311,eggnog:1G0GT@1117,ureG,urease accessory protein UreG,Cyanobacteria,eggnog,2,15,15,Prochlorococcus | Synechococcus | Thermosynechococcus,cross_genus
sync_2874,Synechococcus CC9311,eggnog:1G3PC@1117,ureF,urease accessory protein UreF,Cyanobacteria,eggnog,2,5,5,Synechococcus | Thermosynechococcus,cross_genus
sync_2875,Synechococcus CC9311,eggnog:1G6TF@1117,ureE,urease accessory protein UreE,Cyanobacteria,eggnog,2,13,13,Prochlorococcus | Synechococcus | Thermosynechococcus,cross_genus
sync_2876,Synechococcus CC9311,eggnog:1G10F@1117,ureD,urease accessory protein UreD,Cyanobacteria,eggnog,2,15,15,Prochlorococcus | Synechococcus | Thermosynechococcus,cross_genus
sync_2877,Synechococcus CC9311,eggnog:1G6KQ@1117,ureA,urease gamma subunit,Cyanobacteria,eggnog,2,15,15,Prochlorococcus | Synechococcus | Thermosynechococcus,cross_genus
sync_2878,Synechococcus CC9311,eggnog:1G6IB@1117,ureB,urease beta subunit,Cyanobacteria,eggnog,2,15,15,Prochlorococcus | Synechococcus | Thermosynechococcus,cross_genus
sync_2879,Synechococcus CC9311,eggnog:1G12D@1117,ureC,urease alpha subunit,Cyanobacteria,eggnog,2,15,15,Prochlorococcus | Synechococcus | Thermosynechococcus,cross_genus
sync_2885,Synechococcus CC9311,eggnog:1G0VS@1117,moaA,molybdenum cofactor biosynthesis protein A,Cyanobacteria,eggnog,2,8,8,Synechococcus | Thermosynechococcus,cross_genus
sync_2886,Synechococcus CC9311,eggnog:1GMZN@1117,mobA,molybdenum cofactor guanylyltransferase,Cyanobacteria,eggnog,2,4,4,Synechococcus,single_genus
sync_2887,Synechococcus CC9311,eggnog:1G0NY@1117,nrtP,nitrate transporter,Cyanobacteria,eggnog,2,4,4,Synechococcus,single_genus
sync_2888,Synechococcus CC9311,eggnog:1G0DW@1117,narB,nitrate reductase,Cyanobacteria,eggnog,2,8,8,Synechococcus | Thermosynechococcus,cross_genus
sync_2889,Synechococcus CC9311,eggnog:1G61D@1117,narM,nitrate reductase associated protein,Cyanobacteria,eggnog,2,8,8,Synechococcus | Thermosynechococcus,cross_genus
sync_2891,Synechococcus CC9311,eggnog:1G53K@1117,moaC,molybdenum cofactor biosynthesis protein C,Cyanobacteria,eggnog,2,8,8,Synechococcus | Thermosynechococcus,cross_genus
sync_2892,Synechococcus CC9311,eggnog:1G0K2@1117,moeA,molybdopterin biosynthesis protein MoeA,Cyanobacteria,eggnog,2,8,8,Synechococcus | Thermosynechococcus,cross_genus
sync_2893,Synechococcus CC9311,eggnog:1G5AI@1117,moaE,molybdenum cofactor biosynthesis protein E (molydbopterin converting factor large subunit),Cyanobacteria,eggnog,2,8,8,Synechococcus | Thermosynechococcus,cross_genus
sync_2894,Synechococcus CC9311,eggnog:1GNRD@1117,moaD,molydbenum cofactor biosynthesis protein D (molybdopterin converting factor small subunit),Cyanobacteria,eggnog,2,4,4,Synechococcus,single_genus
sync_2898,Synechococcus CC9311,eggnog:1G0Z6@1117,nirA,ferredoxin--nitrite reductase,Cyanobacteria,eggnog,2,14,13,Prochlorococcus | Synechococcus | Thermosynechococcus,cross_genus
sync_2899,Synechococcus CC9311,eggnog:1G0ZS@1117,focA,"nitrite transporter, FNT family",Cyanobacteria,eggnog,2,8,8,Prochlorococcus | Synechococcus,cross_genus
sync_2901,Synechococcus CC9311,eggnog:1G529@1117,cynS,cyanate hydratase,Cyanobacteria,eggnog,2,12,11,Prochlorococcus | Synechococcus,cross_genus
