group_id,is_singleton,n_members_excl_candidate,has_expression,has_significant_expression,has_clusters,has_derived_metrics
cyanorak:CK_00000097,False,10,5.0,3.0,3.0,2.0
cyanorak:CK_00000188,False,12,8.0,6.0,3.0,2.0
cyanorak:CK_00000195,False,12,4.0,4.0,2.0,1.0
cyanorak:CK_00000248,False,12,6.0,4.0,3.0,0.0
cyanorak:CK_00000403,False,12,6.0,5.0,3.0,2.0
cyanorak:CK_00000467,False,12,5.0,3.0,2.0,1.0
cyanorak:CK_00000468,False,12,5.0,3.0,3.0,0.0
cyanorak:CK_00000550,False,12,4.0,4.0,2.0,1.0
cyanorak:CK_00000562,False,12,6.0,4.0,2.0,2.0
cyanorak:CK_00000603,False,12,5.0,3.0,2.0,0.0
cyanorak:CK_00000653,False,12,5.0,5.0,2.0,2.0
cyanorak:CK_00000702,False,12,6.0,4.0,3.0,2.0
cyanorak:CK_00000706,False,12,4.0,3.0,3.0,2.0
cyanorak:CK_00000713,False,11,4.0,3.0,2.0,1.0
cyanorak:CK_00000722,False,12,5.0,4.0,3.0,2.0
cyanorak:CK_00000801,False,12,4.0,4.0,2.0,0.0
cyanorak:CK_00000811,False,12,3.0,2.0,2.0,0.0
cyanorak:CK_00000864,False,12,6.0,3.0,2.0,0.0
cyanorak:CK_00000872,False,12,5.0,5.0,2.0,1.0
cyanorak:CK_00000921,False,12,4.0,4.0,3.0,0.0
cyanorak:CK_00000922,False,12,5.0,4.0,2.0,0.0
cyanorak:CK_00001096,False,12,4.0,3.0,3.0,2.0
cyanorak:CK_00001153,False,12,4.0,4.0,3.0,0.0
cyanorak:CK_00001155,False,12,5.0,4.0,2.0,1.0
cyanorak:CK_00001158,False,12,3.0,3.0,2.0,0.0
cyanorak:CK_00001269,False,11,4.0,2.0,2.0,0.0
cyanorak:CK_00001295,False,10,4.0,2.0,2.0,0.0
cyanorak:CK_00001308,False,10,6.0,4.0,1.0,0.0
cyanorak:CK_00001442,False,8,4.0,2.0,1.0,0.0
cyanorak:CK_00001506,False,12,4.0,4.0,3.0,0.0
cyanorak:CK_00001516,False,12,6.0,4.0,2.0,2.0
cyanorak:CK_00001718,False,9,3.0,2.0,1.0,0.0
cyanorak:CK_00001734,False,10,8.0,6.0,3.0,0.0
cyanorak:CK_00001751,False,10,3.0,3.0,2.0,1.0
cyanorak:CK_00001814,False,7,4.0,4.0,0.0,1.0
cyanorak:CK_00001920,False,8,5.0,5.0,3.0,0.0
cyanorak:CK_00002114,False,12,4.0,4.0,2.0,0.0
cyanorak:CK_00002269,False,5,1.0,0.0,0.0,0.0
cyanorak:CK_00002720,False,9,4.0,4.0,3.0,0.0
cyanorak:CK_00003363,False,4,2.0,2.0,1.0,1.0
cyanorak:CK_00003376,False,3,2.0,2.0,0.0,0.0
cyanorak:CK_00003393,False,3,1.0,1.0,1.0,0.0
cyanorak:CK_00003429,False,3,2.0,2.0,1.0,0.0
cyanorak:CK_00003432,False,3,2.0,2.0,2.0,0.0
cyanorak:CK_00003438,False,3,2.0,2.0,1.0,1.0
cyanorak:CK_00003439,False,3,2.0,2.0,0.0,0.0
cyanorak:CK_00003450,False,5,3.0,3.0,2.0,1.0
cyanorak:CK_00003462,False,3,2.0,2.0,0.0,0.0
cyanorak:CK_00003478,False,5,3.0,3.0,2.0,0.0
cyanorak:CK_00003496,False,3,2.0,2.0,1.0,0.0
cyanorak:CK_00003500,False,5,2.0,2.0,2.0,0.0
cyanorak:CK_00003538,False,1,1.0,1.0,0.0,0.0
cyanorak:CK_00003564,False,3,1.0,1.0,1.0,0.0
cyanorak:CK_00003572,False,3,2.0,2.0,1.0,0.0
cyanorak:CK_00003578,True,0,,,,
cyanorak:CK_00003588,False,1,0.0,0.0,0.0,0.0
cyanorak:CK_00003998,False,6,2.0,2.0,2.0,0.0
cyanorak:CK_00004040,False,6,3.0,2.0,2.0,0.0
cyanorak:CK_00004181,False,9,2.0,2.0,0.0,0.0
cyanorak:CK_00008111,False,12,3.0,2.0,2.0,0.0
cyanorak:CK_00009151,False,3,3.0,3.0,0.0,0.0
cyanorak:CK_00019843,False,12,6.0,6.0,3.0,0.0
cyanorak:CK_00033748,True,0,,,,
cyanorak:CK_00035937,False,17,5.0,5.0,3.0,0.0
cyanorak:CK_00036022,False,3,2.0,2.0,1.0,0.0
cyanorak:CK_00036065,False,6,2.0,2.0,2.0,0.0
cyanorak:CK_00036391,False,12,4.0,4.0,3.0,0.0
cyanorak:CK_00038443,False,3,1.0,1.0,1.0,0.0
cyanorak:CK_00038556,True,0,,,,
cyanorak:CK_00039114,False,3,1.0,1.0,0.0,0.0
cyanorak:CK_00039912,False,5,2.0,2.0,1.0,0.0
cyanorak:CK_00040038,False,3,1.0,1.0,0.0,0.0
cyanorak:CK_00041018,False,11,6.0,5.0,2.0,0.0
cyanorak:CK_00041492,False,8,1.0,1.0,1.0,0.0
cyanorak:CK_00042314,False,1,1.0,1.0,0.0,0.0
cyanorak:CK_00042687,False,1,0.0,0.0,0.0,0.0
cyanorak:CK_00042918,False,2,0.0,0.0,1.0,0.0
cyanorak:CK_00043018,False,12,3.0,3.0,2.0,1.0
cyanorak:CK_00043460,False,3,1.0,1.0,1.0,0.0
cyanorak:CK_00043603,False,7,5.0,4.0,2.0,1.0
cyanorak:CK_00043757,True,0,,,,
cyanorak:CK_00044011,False,6,3.0,2.0,1.0,0.0
cyanorak:CK_00044138,False,9,2.0,2.0,1.0,0.0
cyanorak:CK_00044166,False,12,6.0,4.0,2.0,2.0
cyanorak:CK_00044233,True,0,,,,
cyanorak:CK_00044628,False,13,6.0,6.0,3.0,0.0
cyanorak:CK_00045004,False,7,5.0,4.0,2.0,0.0
cyanorak:CK_00045754,False,13,4.0,3.0,2.0,0.0
cyanorak:CK_00045861,False,4,1.0,1.0,1.0,0.0
cyanorak:CK_00045976,False,10,5.0,5.0,2.0,0.0
cyanorak:CK_00047426,False,3,1.0,1.0,1.0,0.0
cyanorak:CK_00047516,False,3,1.0,1.0,1.0,0.0
cyanorak:CK_00047604,False,6,2.0,2.0,2.0,0.0
cyanorak:CK_00047606,True,0,,,,
cyanorak:CK_00047620,False,3,2.0,2.0,1.0,0.0
cyanorak:CK_00049169,False,6,3.0,3.0,2.0,0.0
cyanorak:CK_00049418,False,12,2.0,2.0,2.0,0.0
cyanorak:CK_00049623,False,5,3.0,3.0,2.0,0.0
cyanorak:CK_00050253,False,3,2.0,2.0,1.0,0.0
cyanorak:CK_00050304,False,3,1.0,1.0,1.0,0.0
cyanorak:CK_00051639,False,3,1.0,1.0,1.0,0.0
cyanorak:CK_00051693,False,11,3.0,2.0,1.0,0.0
cyanorak:CK_00053308,True,0,,,,
cyanorak:CK_00053319,False,6,2.0,2.0,2.0,0.0
cyanorak:CK_00053566,False,3,1.0,1.0,1.0,0.0
cyanorak:CK_00053879,False,2,1.0,1.0,1.0,0.0
cyanorak:CK_00054066,False,3,3.0,3.0,1.0,0.0
cyanorak:CK_00054394,False,3,2.0,2.0,1.0,0.0
cyanorak:CK_00055248,False,3,1.0,1.0,1.0,0.0
cyanorak:CK_00055271,False,12,5.0,5.0,3.0,1.0
cyanorak:CK_00056279,False,12,5.0,5.0,3.0,2.0
cyanorak:CK_00056292,False,4,2.0,2.0,1.0,0.0
cyanorak:CK_00056305,False,4,2.0,2.0,1.0,0.0
cyanorak:CK_00056826,True,0,,,,
eggnog:1FZYF@1117,False,17,8.0,5.0,4.0,2.0
eggnog:1G01Q@1117,False,17,10.0,8.0,4.0,2.0
eggnog:1G07U@1117,False,18,6.0,3.0,4.0,0.0
eggnog:1G0V9@1117,False,17,7.0,6.0,4.0,2.0
eggnog:1G0XA@1117,False,17,6.0,3.0,3.0,1.0
eggnog:1G1SE@1117,False,17,6.0,6.0,3.0,1.0
eggnog:1G4NY@1117,False,9,5.0,5.0,0.0,1.0
eggnog:1G6IT@1117,False,17,7.0,4.0,4.0,0.0
eggnog:1G6JR@1117,False,10,3.0,1.0,1.0,0.0
eggnog:1G6M7@1117,False,16,5.0,5.0,2.0,2.0
eggnog:1G72V@1117,False,4,2.0,2.0,1.0,0.0
eggnog:1G7QT@1117,False,17,5.0,4.0,3.0,0.0
eggnog:1G7XS@1117,False,15,4.0,4.0,3.0,0.0
eggnog:1G80Z@1117,False,17,3.0,2.0,3.0,0.0
eggnog:1G8DD@1117,False,4,1.0,1.0,1.0,0.0
eggnog:1GAEB@1117,False,4,2.0,2.0,0.0,0.0
eggnog:1GBHG@1117,False,9,7.0,6.0,3.0,0.0
eggnog:1GC5B@1117,False,9,4.0,2.0,2.0,0.0
eggnog:1GCB9@1117,False,11,4.0,2.0,2.0,0.0
eggnog:1GDH0@1117,False,9,4.0,2.0,2.0,2.0
eggnog:1GDJ2@1117,False,9,4.0,3.0,2.0,2.0
eggnog:1GDN6@1117,False,9,5.0,5.0,3.0,2.0
eggnog:1GDZB@1117,False,13,4.0,3.0,3.0,2.0
eggnog:1GEBR@1117,False,6,2.0,1.0,1.0,0.0
eggnog:1GEGQ@1117,False,9,3.0,3.0,3.0,2.0
eggnog:1GENM@1117,False,4,3.0,2.0,1.0,0.0
eggnog:1GEQZ@1117,False,9,4.0,4.0,2.0,0.0
eggnog:1GET5@1117,False,7,2.0,2.0,2.0,0.0
eggnog:1GEXX@1117,False,8,4.0,4.0,2.0,0.0
eggnog:1GEZH@1117,False,1,1.0,1.0,0.0,0.0
eggnog:1GFHI@1117,False,5,2.0,2.0,1.0,0.0
eggnog:1GFNJ@1117,False,9,5.0,5.0,3.0,1.0
eggnog:1GFYX@1117,False,8,2.0,2.0,2.0,0.0
eggnog:1GG0B@1117,False,8,2.0,2.0,2.0,0.0
eggnog:1GG9B@1117,False,4,2.0,2.0,1.0,0.0
eggnog:1GGJQ@1117,False,6,2.0,2.0,1.0,0.0
eggnog:1GGNQ@1117,False,7,2.0,2.0,2.0,0.0
eggnog:1GGQC@1117,False,4,2.0,2.0,1.0,0.0
eggnog:1GH0J@1117,False,4,2.0,2.0,1.0,0.0
eggnog:1GHGN@1117,False,7,3.0,3.0,2.0,0.0
eggnog:1GHHA@1117,False,3,1.0,1.0,0.0,0.0
eggnog:1GHI0@1117,False,6,1.0,1.0,1.0,0.0
eggnog:1GHP5@1117,False,6,4.0,4.0,2.0,0.0
eggnog:1GHXG@1117,False,7,3.0,3.0,2.0,0.0
eggnog:1GHZN@1117,False,4,3.0,3.0,1.0,1.0
eggnog:1GI3K@1117,False,5,2.0,2.0,2.0,0.0
eggnog:1GI4I@1117,False,1,0.0,0.0,1.0,0.0
eggnog:1GI4M@1117,False,4,1.0,1.0,1.0,0.0
eggnog:1GI5E@1117,False,4,2.0,2.0,1.0,0.0
eggnog:1GI63@1117,False,4,2.0,2.0,1.0,0.0
eggnog:1GI6B@1117,False,4,2.0,2.0,1.0,0.0
eggnog:1GI71@1117,False,3,1.0,1.0,1.0,0.0
eggnog:1GI9G@1117,False,4,1.0,1.0,1.0,1.0
eggnog:1GIFH@1117,False,4,2.0,2.0,1.0,0.0
eggnog:1GIJK@1117,False,4,2.0,2.0,1.0,0.0
eggnog:1GIKA@1117,False,6,3.0,3.0,2.0,1.0
eggnog:1GIKC@1117,False,5,3.0,3.0,1.0,1.0
eggnog:1GIMP@1117,False,4,1.0,1.0,1.0,1.0
eggnog:1GIMQ@1117,False,6,3.0,3.0,2.0,0.0
eggnog:1GIMS@1117,False,4,1.0,1.0,1.0,0.0
eggnog:1GIPW@1117,False,4,1.0,1.0,1.0,0.0
eggnog:1GIRK@1117,False,4,1.0,1.0,1.0,0.0
eggnog:1GJ1N@1117,False,4,1.0,1.0,1.0,0.0
eggnog:1GJ4A@1117,False,6,3.0,3.0,1.0,0.0
eggnog:1GJAV@1117,False,6,3.0,2.0,1.0,0.0
eggnog:1GJBU@1117,False,1,0.0,0.0,0.0,0.0
eggnog:1GJBX@1117,False,10,4.0,4.0,3.0,0.0
eggnog:1GJCF@1117,False,4,1.0,1.0,1.0,0.0
eggnog:1GJNK@1117,True,0,,,,
eggnog:1GJTG@1117,False,6,2.0,2.0,2.0,0.0
eggnog:1GKKD@1117,False,4,1.0,1.0,1.0,0.0
eggnog:1GKWQ@1117,False,4,2.0,2.0,0.0,0.0
eggnog:1GM15@1117,False,4,2.0,2.0,1.0,0.0
eggnog:1GM41@1117,False,4,1.0,1.0,1.0,0.0
eggnog:1GM5K@1117,True,0,,,,
eggnog:1GMEW@1117,False,5,2.0,2.0,1.0,1.0
eggnog:1GMEY@1117,False,4,1.0,1.0,1.0,0.0
eggnog:1GMH4@1117,False,6,3.0,3.0,2.0,1.0
eggnog:1GMI5@1117,False,4,2.0,2.0,1.0,0.0
eggnog:1GMJ7@1117,False,4,1.0,1.0,1.0,0.0
eggnog:1GMNI@1117,False,4,1.0,1.0,1.0,0.0
eggnog:1GMNZ@1117,False,5,4.0,4.0,2.0,0.0
eggnog:1GMPA@1117,False,4,3.0,3.0,1.0,0.0
eggnog:1GMT7@1117,True,0,,,,
eggnog:1GMTU@1117,False,6,3.0,3.0,2.0,1.0
eggnog:1GMVI@1117,False,4,1.0,1.0,1.0,0.0
eggnog:1GN0K@1117,False,4,1.0,1.0,1.0,0.0
eggnog:1GN0R@1117,True,0,,,,
eggnog:1GN3S@1117,False,4,1.0,1.0,0.0,0.0
eggnog:1GN81@1117,False,8,3.0,3.0,3.0,2.0
eggnog:1GN8G@1117,False,5,2.0,2.0,1.0,1.0
eggnog:1GN9M@1117,False,4,1.0,1.0,1.0,0.0
eggnog:1GNCM@1117,False,4,1.0,1.0,1.0,0.0
eggnog:1GNDP@1117,True,0,,,,
eggnog:1GNHX@1117,False,4,1.0,0.0,0.0,0.0
eggnog:1GNIV@1117,False,9,4.0,4.0,3.0,0.0
eggnog:1GNKI@1117,False,9,4.0,4.0,3.0,0.0
eggnog:1GNR2@1117,False,3,2.0,2.0,0.0,0.0
eggnog:1GNUU@1117,False,7,3.0,3.0,3.0,1.0
eggnog:1GP0B@1117,False,5,2.0,2.0,2.0,0.0
eggnog:1GP63@1117,False,3,2.0,2.0,1.0,0.0
eggnog:1GPEE@1117,False,4,2.0,2.0,1.0,1.0
eggnog:1GPUC@1117,False,4,1.0,1.0,1.0,0.0
eggnog:1GPVQ@1117,False,4,2.0,2.0,0.0,0.0
eggnog:1GPVU@1117,False,4,1.0,1.0,1.0,0.0
eggnog:1GQ6J@1117,True,0,,,,
eggnog:1GQT5@1117,False,4,3.0,3.0,0.0,0.0
eggnog:1GRPV@1117,False,9,5.0,5.0,3.0,0.0
eggnog:1MKDD@1212,False,9,3.0,3.0,3.0,2.0
eggnog:1MKJ2@1212,False,9,6.0,5.0,3.0,2.0
eggnog:1MKJ3@1212,False,7,2.0,2.0,2.0,0.0
eggnog:1MKSF@1212,False,9,4.0,2.0,2.0,2.0
eggnog:1MKUN@1212,False,9,7.0,6.0,3.0,0.0
eggnog:1MKZX@1212,False,5,3.0,3.0,0.0,1.0
eggnog:1MM09@1212,False,9,4.0,3.0,3.0,0.0
eggnog:1MM0P@1212,False,9,4.0,4.0,3.0,2.0
eggnog:1MM5M@1212,False,7,3.0,3.0,2.0,0.0
eggnog:1MM8P@1212,False,9,4.0,4.0,2.0,1.0
eggnog:1MM9E@1212,False,6,3.0,3.0,2.0,1.0
eggnog:1MM9P@1212,False,4,3.0,3.0,1.0,1.0
eggnog:1MMA1@1212,False,9,4.0,3.0,2.0,1.0
eggnog:1MMBE@1212,False,9,3.0,3.0,3.0,2.0
eggnog:1MMBR@1212,False,4,2.0,2.0,1.0,0.0
eggnog:1MMCG@1212,False,4,1.0,1.0,1.0,1.0
eggnog:1MMCN@1212,False,6,3.0,3.0,2.0,0.0
eggnog:1MMCT@1212,False,4,1.0,1.0,1.0,0.0
eggnog:1MMD3@1212,False,9,5.0,4.0,3.0,0.0
eggnog:1MMD6@1212,False,4,2.0,2.0,1.0,0.0
eggnog:1MMDK@1212,False,9,4.0,4.0,3.0,0.0
eggnog:1MME4@1212,False,8,3.0,3.0,3.0,2.0
eggnog:1MMEN@1212,False,6,4.0,4.0,2.0,0.0
eggnog:1MMET@1212,False,9,4.0,3.0,2.0,2.0
eggnog:1MMFC@1212,False,9,4.0,4.0,2.0,0.0
eggnog:1MMFN@1212,False,5,2.0,2.0,1.0,1.0
eggnog:1MMFT@1212,False,4,1.0,1.0,1.0,0.0
eggnog:1MMGD@1212,False,9,4.0,2.0,2.0,0.0
eggnog:1MMH1@1212,False,9,5.0,5.0,3.0,2.0
eggnog:1MMHW@1212,False,4,1.0,1.0,1.0,1.0
eggnog:1MMI1@1212,False,4,1.0,1.0,1.0,0.0
eggnog:1MMIW@1212,False,4,1.0,1.0,1.0,0.0
eggnog:1MMJI@1212,False,4,1.0,1.0,1.0,0.0
eggnog:1MMJU@1212,False,9,5.0,5.0,2.0,2.0
eggnog:1MMJY@1212,False,6,3.0,3.0,2.0,1.0
eggnog:1MMKB@1212,False,4,1.0,1.0,1.0,0.0
eggnog:1MMMQ@1212,False,4,2.0,2.0,1.0,0.0
eggnog:1MMMU@1212,False,4,2.0,2.0,1.0,0.0
eggnog:1MMNF@1212,False,5,2.0,2.0,1.0,0.0
eggnog:1MMNG@1212,False,4,1.0,1.0,1.0,0.0
eggnog:1MMNH@1212,False,9,5.0,5.0,3.0,0.0
eggnog:1MMNP@1212,False,4,1.0,1.0,1.0,0.0
eggnog:1MMP9@1212,False,4,1.0,1.0,1.0,0.0
eggnog:1MMPA@1212,False,5,1.0,1.0,2.0,0.0
eggnog:1MMPE@1212,False,4,3.0,3.0,1.0,1.0
eggnog:1MMRU@1212,False,4,2.0,2.0,1.0,0.0
eggnog:1MMSH@1212,False,5,2.0,2.0,1.0,1.0
eggnog:1MMT5@1212,False,6,2.0,2.0,1.0,0.0
eggnog:1MMU5@1212,False,4,2.0,2.0,1.0,0.0
eggnog:1MMU6@1212,False,9,3.0,3.0,3.0,2.0
eggnog:1MMUT@1212,False,4,1.0,1.0,1.0,0.0
eggnog:1MMV0@1212,False,6,3.0,3.0,1.0,0.0
eggnog:1MMV8@1212,False,6,2.0,1.0,1.0,0.0
eggnog:1MMVF@1212,False,4,2.0,2.0,1.0,0.0
eggnog:1MMW0@1212,False,5,4.0,4.0,2.0,0.0
eggnog:1MMW7@1212,False,5,2.0,1.0,1.0,0.0
eggnog:1MMWH@1212,False,1,0.0,0.0,0.0,0.0
eggnog:1MMWI@1212,False,10,4.0,4.0,3.0,0.0
eggnog:1MMWS@1212,False,4,3.0,3.0,1.0,0.0
eggnog:1MMWU@1212,False,9,5.0,5.0,3.0,1.0
eggnog:1MMX1@1212,False,3,2.0,2.0,0.0,0.0
eggnog:1MMY5@1212,False,9,3.0,2.0,2.0,0.0
eggnog:1MMYD@1212,False,7,3.0,3.0,3.0,1.0
eggnog:1MMYT@1212,False,4,2.0,2.0,1.0,1.0
eggnog:1MMYU@1212,False,4,2.0,2.0,1.0,0.0
eggnog:1MMZU@1212,False,1,1.0,1.0,1.0,0.0
eggnog:1MMZW@1212,False,4,1.0,1.0,1.0,0.0
eggnog:1MN0B@1212,False,5,2.0,2.0,2.0,0.0
eggnog:1MN0Q@1212,False,9,4.0,4.0,3.0,0.0
eggnog:1MN1E@1212,False,7,2.0,2.0,2.0,0.0
eggnog:1MN23@1212,False,4,2.0,2.0,0.0,0.0
eggnog:1MN2G@1212,False,3,2.0,2.0,1.0,0.0
eggnog:1MN2R@1212,False,6,2.0,2.0,2.0,0.0
eggnog:1MN44@1212,True,0,,,,
eggnog:1MN45@1212,False,1,0.0,0.0,1.0,0.0
eggnog:1MN48@1212,False,4,1.0,1.0,1.0,0.0
eggnog:1MN4M@1212,False,3,1.0,1.0,0.0,0.0
eggnog:1MN53@1212,False,6,3.0,3.0,2.0,1.0
eggnog:1MN62@1212,False,3,2.0,1.0,1.0,0.0
eggnog:1MN7R@1212,False,4,1.0,1.0,1.0,0.0
eggnog:1MN8P@1212,False,7,3.0,3.0,2.0,0.0
eggnog:1MNAK@1212,False,8,2.0,2.0,2.0,0.0
eggnog:1MNMG@1212,False,4,2.0,2.0,1.0,0.0
eggnog:1MNMT@1212,False,4,1.0,1.0,1.0,0.0
eggnog:1MNN4@1212,True,0,,,,
eggnog:1MNNG@1212,False,4,2.0,2.0,0.0,0.0
eggnog:1MNTF@1212,False,4,1.0,1.0,0.0,0.0
eggnog:1MNTG@1212,False,4,3.0,3.0,0.0,0.0
eggnog:1MNY7@1212,False,4,2.0,2.0,1.0,0.0
eggnog:1MNZR@1212,False,4,1.0,1.0,1.0,0.0
eggnog:1MP14@1212,True,0,,,,
eggnog:1MP2Q@1212,False,4,1.0,1.0,1.0,0.0
eggnog:1MP3T@1212,False,3,1.0,1.0,1.0,0.0
eggnog:1MP7G@1212,False,4,1.0,1.0,1.0,0.0
eggnog:1MP90@1212,True,0,,,,
eggnog:1MPCI@1212,True,0,,,,
eggnog:1MPCJ@1212,False,4,1.0,1.0,1.0,0.0
eggnog:1MPCX@1212,False,5,2.0,2.0,2.0,0.0
eggnog:1MPDE@1212,False,6,1.0,1.0,1.0,0.0
eggnog:1MPG4@1212,True,0,,,,
eggnog:2ZAA4@2,False,17,6.0,6.0,3.0,1.0
eggnog:2ZCEM@2,True,0,,,,
eggnog:2ZJRP@2,False,4,2.0,2.0,1.0,0.0
eggnog:2ZMGN@2,False,8,2.0,2.0,2.0,0.0
eggnog:2ZPQV@2,False,6,2.0,2.0,1.0,0.0
eggnog:2ZRC1@2,False,4,2.0,2.0,1.0,0.0
eggnog:2ZTKH@2,False,8,2.0,2.0,2.0,0.0
eggnog:2ZU5M@2,False,7,2.0,2.0,2.0,0.0
eggnog:302SK@2,False,5,3.0,3.0,1.0,1.0
eggnog:303K4@2,False,6,3.0,3.0,1.0,0.0
eggnog:306SP@2,False,3,1.0,1.0,0.0,0.0
eggnog:306T3@2,False,4,2.0,2.0,1.0,0.0
eggnog:307DP@2,False,4,1.0,1.0,1.0,1.0
eggnog:30847@2,False,4,2.0,2.0,1.0,0.0
eggnog:308PI@2,False,6,3.0,3.0,2.0,1.0
eggnog:308UM@2,False,4,1.0,1.0,1.0,0.0
eggnog:30921@2,False,4,1.0,1.0,1.0,0.0
eggnog:30HI9@2,False,6,3.0,3.0,2.0,1.0
eggnog:30M0H@2,False,10,4.0,4.0,3.0,0.0
eggnog:30M2G@2,False,4,1.0,1.0,1.0,0.0
eggnog:30P41@2,False,4,1.0,1.0,1.0,0.0
eggnog:30PF8@2,False,4,1.0,1.0,1.0,0.0
eggnog:30PUQ@2,False,4,3.0,3.0,1.0,1.0
eggnog:30Q5H@2,False,6,3.0,2.0,1.0,0.0
eggnog:30QED@2,False,4,2.0,2.0,1.0,0.0
eggnog:30R32@2,False,4,2.0,2.0,1.0,0.0
eggnog:30R7F@2,False,5,2.0,2.0,1.0,1.0
eggnog:30RA1@2,False,5,4.0,4.0,2.0,0.0
eggnog:30RAV@2,False,3,2.0,2.0,0.0,0.0
eggnog:30RD7@2,False,5,2.0,2.0,2.0,0.0
eggnog:30RFM@2,True,0,,,,
eggnog:30RIB@2,False,4,1.0,1.0,1.0,0.0
eggnog:30RS5@2,False,4,1.0,1.0,1.0,0.0
eggnog:30RSG@2,True,0,,,,
eggnog:30RW9@2,False,4,3.0,3.0,0.0,0.0
eggnog:30S2T@2,False,8,3.0,3.0,3.0,2.0
eggnog:30SBV@2,True,0,,,,
eggnog:30SR7@2,False,9,4.0,4.0,3.0,0.0
eggnog:30UX1@2,False,1,0.0,0.0,1.0,0.0
eggnog:30UXZ@2,False,4,1.0,1.0,1.0,0.0
eggnog:30V7B@2,False,6,2.0,2.0,2.0,0.0
eggnog:30VF6@2,False,4,2.0,2.0,1.0,0.0
eggnog:30VK9@2,False,4,1.0,1.0,1.0,0.0
eggnog:30VNU@2,False,6,1.0,1.0,1.0,0.0
eggnog:30VPU@2,False,4,2.0,2.0,0.0,0.0
eggnog:30VRR@2,False,3,1.0,1.0,1.0,0.0
eggnog:30VSC@2,True,0,,,,
eggnog:30XVJ@2,False,4,1.0,1.0,1.0,1.0
eggnog:314IR@2,False,4,2.0,2.0,1.0,0.0
eggnog:315TT@2,False,6,3.0,3.0,2.0,0.0
eggnog:318FJ@2,False,4,1.0,1.0,1.0,0.0
eggnog:319U8@2,False,17,7.0,4.0,4.0,0.0
eggnog:31TX9@2,False,5,2.0,2.0,2.0,0.0
eggnog:31W76@2,False,4,1.0,1.0,1.0,0.0
eggnog:31XIH@2,False,1,0.0,0.0,0.0,0.0
eggnog:320ZT@2,True,0,,,,
eggnog:3216C@2,False,7,3.0,3.0,2.0,0.0
eggnog:321CD@2,False,6,4.0,4.0,2.0,0.0
eggnog:321CZ@2,False,5,2.0,2.0,1.0,1.0
eggnog:321FM@2,False,6,3.0,3.0,2.0,1.0
eggnog:321IC@2,False,4,1.0,1.0,1.0,0.0
eggnog:321P4@2,False,4,1.0,1.0,1.0,0.0
eggnog:321QF@2,False,4,3.0,3.0,1.0,0.0
eggnog:321RE@2,False,7,3.0,3.0,3.0,1.0
eggnog:321U6@2,False,3,2.0,2.0,1.0,0.0
eggnog:321Z5@2,False,7,3.0,3.0,2.0,0.0
eggnog:322AA@2,False,4,1.0,1.0,0.0,0.0
eggnog:322VW@2,False,4,1.0,0.0,0.0,0.0
eggnog:3249D@2,False,4,2.0,2.0,1.0,1.0
eggnog:32CWF@2,False,4,2.0,2.0,1.0,0.0
eggnog:32GTB@2,False,4,1.0,1.0,1.0,0.0
eggnog:32GW3@2,False,4,1.0,1.0,1.0,0.0
eggnog:32H7Z@2,False,4,1.0,1.0,1.0,0.0
eggnog:32IJV@2,True,0,,,,
eggnog:32ITT@2,False,9,4.0,4.0,3.0,0.0
eggnog:32KSH@2,False,9,5.0,5.0,3.0,0.0
eggnog:32MY1@2,False,4,1.0,1.0,1.0,0.0
eggnog:32ND7@2,False,4,2.0,2.0,0.0,0.0
eggnog:32R62@2,False,16,5.0,5.0,2.0,2.0
eggnog:32RQE@2,False,17,5.0,4.0,3.0,0.0
eggnog:33B5X@2,False,4,1.0,1.0,1.0,0.0
eggnog:33D0R@2,False,8,2.0,2.0,1.0,0.0
eggnog:33FNN@2,False,4,2.0,2.0,0.0,0.0
eggnog:33RHF@2,False,11,4.0,2.0,2.0,0.0
eggnog:33S7Q@2,False,9,7.0,6.0,3.0,0.0
eggnog:33TBS@2,False,9,4.0,2.0,2.0,0.0
eggnog:33TX9@2,False,9,5.0,5.0,3.0,2.0
eggnog:33U77@2,False,9,4.0,2.0,2.0,2.0
eggnog:33W1P@2,False,13,4.0,3.0,3.0,2.0
eggnog:33Z3Z@2,False,9,3.0,3.0,3.0,2.0
eggnog:3404A@2,False,6,2.0,1.0,1.0,0.0
eggnog:3418C@2,False,4,3.0,2.0,1.0,0.0
eggnog:346I0@2,False,9,5.0,5.0,3.0,1.0
eggnog:34ADA@2,False,5,2.0,2.0,1.0,0.0
eggnog:34BFT@2,False,8,4.0,4.0,2.0,0.0
eggnog:COG0664@2,False,128,52.0,27.0,17.0,2.0
eggnog:COG0670@2,False,26,12.0,8.0,4.0,2.0
eggnog:COG2119@2,False,42,10.0,6.0,6.0,0.0
eggnog:COG2214@2,False,57,20.0,11.0,7.0,5.0
eggnog:COG2859@2,False,15,8.0,7.0,0.0,1.0
eggnog:COG3011@2,False,42,20.0,16.0,6.0,0.0
eggnog:COG3064@2,False,27,9.0,6.0,3.0,0.0
eggnog:COG3173@2,False,20,10.0,6.0,1.0,0.0
eggnog:COG3330@2,False,20,11.0,9.0,4.0,3.0
eggnog:COG3542@2,False,21,7.0,2.0,2.0,0.0
eggnog:COG4031@2,False,15,4.0,4.0,3.0,0.0
eggnog:COG4372@2,False,37,16.0,7.0,8.0,3.0
eggnog:COG4956@2,False,18,8.0,5.0,5.0,2.0
eggnog:COG5512@2,False,18,6.0,3.0,4.0,0.0
