locus_tag,direction,log2fc,expression_status,rank,rank_up,rank_down,gene_name,de_direction,concordance,dir_rank,timepoint,label
PMM0030,up,1.47497577335469,significant_up,236,78,,,up,1,78.0,12h,Tolonen N-dep
PMM0337,up,3.74335459218155,significant_up,14,8,,,up,1,8.0,12h,Tolonen N-dep
PMM0346,down,-1.40798830576566,significant_down,250,,125,,down,1,125.0,12h,Tolonen N-dep
PMM0370,up,4.58350176619516,significant_up,3,2,,cynA,up,1,2.0,12h,Tolonen N-dep
PMM0550,down,-4.30651567565564,significant_down,8,,5,rbcL,down,1,5.0,12h,Tolonen N-dep
PMM1453,down,-4.66693634582272,significant_down,1,,1,atpF,down,1,1.0,12h,Tolonen N-dep
PMM1452,down,-4.44250020489064,significant_down,5,,3,atpD,down,1,3.0,12h,Tolonen N-dep
PMM0690,up,2.76132603871906,significant_up,39,15,,hli,up,1,15.0,12h,Tolonen N-dep
PMM1454,down,-4.51957072990943,significant_down,4,,2,atpG,down,1,2.0,12h,Tolonen N-dep
PMM1404,up,0.295080792,not_significant,1281,,,hli,,0,,12h,Tolonen N-dep
PMM0920,up,4.14177961834331,significant_up,9,4,,glnA,up,1,4.0,12h,Tolonen N-dep
PMM0970,up,3.75015994971883,significant_up,13,7,,urtA,up,1,7.0,12h,Tolonen N-dep
PMM0699,down,0.525360608,not_significant,939,,,,,0,,12h,Tolonen N-dep
PMM1557,down,-3.87596446294377,significant_down,11,,6,rplD,down,1,6.0,12h,Tolonen N-dep
PMM1390,up,3.11653833759454,significant_up,24,10,,hli,up,1,10.0,12h,Tolonen N-dep
PMM1455,down,-3.69860245394677,significant_down,16,,8,atpH,down,1,8.0,12h,Tolonen N-dep
PMM0818,up,-0.098134574,not_significant,1549,,,hli,,0,,12h,Tolonen N-dep
PMM0453,down,-1.93434355364041,significant_down,103,,62,fabG,down,1,62.0,12h,Tolonen N-dep
PMM0689,up,2.85853629106744,significant_up,37,14,,hli,up,1,14.0,12h,Tolonen N-dep
PMM1706,down,-1.98862530540259,significant_down,96,,59,rpsF,down,1,59.0,12h,Tolonen N-dep
PMM0365,up,2.48535175312954,significant_up,51,16,,,up,1,16.0,12h,Tolonen N-dep
PMM0246,up,3.01927772296539,significant_up,30,13,,ntcA,up,1,13.0,12h,Tolonen N-dep
PMM0336,up,3.77550384537103,significant_up,12,6,,PTOX,up,1,6.0,12h,Tolonen N-dep
PMM1451,down,-3.44156486911062,significant_down,20,,11,atpA,down,1,11.0,12h,Tolonen N-dep
PMM0901,down,-1.82224583703434,significant_down,123,,73,htpG,down,1,73.0,12h,Tolonen N-dep
PMM0687,up,3.09633685443019,significant_up,26,11,,,up,1,11.0,12h,Tolonen N-dep
PMM0374,up,3.57957842609776,significant_up,19,9,,tatA,up,1,9.0,12h,Tolonen N-dep
PMM0583,down,-2.47130073907243,significant_down,52,,33,hemE,down,1,33.0,12h,Tolonen N-dep
PMM1558,down,-3.43615277911982,significant_down,21,,12,rplC,down,1,12.0,12h,Tolonen N-dep
PMM0447,up,2.19124796169587,significant_up,74,24,,ctaA,up,1,24.0,12h,Tolonen N-dep
PMM0452,down,-1.6421760216633,significant_down,178,,97,groL2,down,1,97.0,12h,Tolonen N-dep
PMM0334,up,1.05677141362936,significant_up,433,138,,,up,1,138.0,12h,Tolonen N-dep
PMM0549,down,-1.09884738181078,significant_down,400,,158,csoS1A,down,1,158.0,12h,Tolonen N-dep
PMM1541,down,-2.93295890542382,significant_down,32,,18,rplO,down,1,18.0,12h,Tolonen N-dep
PMM0272,down,-2.08690457333444,significant_down,89,,55,psbK,down,1,55.0,12h,Tolonen N-dep
PMM0819,up,1.11682815406026,significant_up,389,130,,,up,1,130.0,12h,Tolonen N-dep
PMM1538,down,-2.2561983485542,significant_down,67,,40,rpmJ,down,1,40.0,12h,Tolonen N-dep
PMM1520,down,-2.17660876507575,significant_down,80,,49,psaI,down,1,49.0,12h,Tolonen N-dep
PMM1537,down,-2.6176661295402,significant_down,44,,26,rpsM,down,1,26.0,12h,Tolonen N-dep
PMM1396,up,-0.647476864,not_significant,785,,,hli,,0,,12h,Tolonen N-dep
PMM0684,up,0.88487092,not_significant,560,,,,,0,,12h,Tolonen N-dep
PMM1397,up,-0.567850101,not_significant,883,,,hli,,0,,12h,Tolonen N-dep
PMM0552,down,-2.3326645155314,significant_down,60,,36,csoS2,down,1,36.0,12h,Tolonen N-dep
PMM0785,down,-2.14879229203189,significant_down,86,,52,prkB,down,1,52.0,12h,Tolonen N-dep
PMM1523,down,-0.031313289,not_significant,1650,,,psaB,,0,,12h,Tolonen N-dep
PMM1519,down,-1.88547167521436,significant_down,110,,66,psaL,down,1,66.0,12h,Tolonen N-dep
PMM1556,down,-3.27215681190175,significant_down,22,,13,rplW,down,1,13.0,12h,Tolonen N-dep
PMM1507,down,-2.50864345283746,significant_down,50,,32,rpsJ,down,1,32.0,12h,Tolonen N-dep
PMM0876,down,-0.436069314,not_significant,1043,,,,,0,,12h,Tolonen N-dep
PMM1134,up,1.78541257628635,significant_up,130,37,,,up,1,37.0,12h,Tolonen N-dep
PMM1457,down,-3.24632433837456,significant_down,23,,14,atp1,down,1,14.0,12h,Tolonen N-dep
PMM1700,up,1.50680562561874,significant_up,226,74,,acnB,up,1,74.0,12h,Tolonen N-dep
PMM0710,down,-1.60397657407417,significant_down,192,,103,pstS,down,1,103.0,12h,Tolonen N-dep
PMM1385,up,-0.011922328,not_significant,1686,,,hli,,0,,12h,Tolonen N-dep
PMM0605,down,-0.835544518,not_significant,599,,,,,0,,12h,Tolonen N-dep
PMM1554,down,-3.09294261511568,significant_down,27,,16,rpsS,down,1,16.0,12h,Tolonen N-dep
PMM1350,down,-1.85719135206984,significant_down,115,,68,,down,1,68.0,12h,Tolonen N-dep
PMM0971,up,1.25303331253527,significant_up,323,105,,urtB,up,1,105.0,12h,Tolonen N-dep
PMM0548,up,-0.734142746,not_significant,695,,,rdgB,,0,,12h,Tolonen N-dep
PMM1262,up,0.164179905,not_significant,1454,,,lexA,,0,,12h,Tolonen N-dep
PMM0540,down,-2.74697166572216,significant_down,41,,23,psaM,down,1,23.0,12h,Tolonen N-dep
PMM0371,up,2.37248468438192,significant_up,55,18,,cynB,up,1,18.0,12h,Tolonen N-dep
PMM0817,up,-0.305859109,not_significant,1261,,,hli,,0,,12h,Tolonen N-dep
PMM0306,down,-1.73588695314982,significant_down,144,,85,cpeS,down,1,85.0,12h,Tolonen N-dep
PMM1562,up,0.8057789,not_significant,625,,,recA,,0,,12h,Tolonen N-dep
PMM1553,down,-2.88748579586806,significant_down,34,,20,rplV,down,1,20.0,12h,Tolonen N-dep
PMM1375,down,-1.364211581,not_significant,271,,,,,0,,12h,Tolonen N-dep
PMM1074,up,2.16915863279813,significant_up,83,26,,zwf,up,1,26.0,12h,Tolonen N-dep
PMM0781,down,-2.36389395348516,significant_down,56,,34,fbaA,down,1,34.0,12h,Tolonen N-dep
PMM0726,up,1.51099567147691,significant_up,219,69,,,up,1,69.0,12h,Tolonen N-dep
PMM1672,up,-0.494035439,not_significant,975,,,desC4,,0,,12h,Tolonen N-dep
PMM1402,down,-2.92897807456382,significant_down,33,,19,,down,1,19.0,12h,Tolonen N-dep
PMM0469,down,-1.7907620753724,significant_down,129,,76,psaF,down,1,76.0,12h,Tolonen N-dep
PMM0996,up,1.20124773442206,significant_up,347,115,,,up,1,115.0,12h,Tolonen N-dep
PMM1298,down,-2.26184588347615,significant_down,65,,39,lpdA,down,1,39.0,12h,Tolonen N-dep
PMM0599,down,-1.25221849255433,significant_down,324,,145,,down,1,145.0,12h,Tolonen N-dep
PMM0087,up,2.2073471190465,significant_up,71,22,,,up,1,22.0,12h,Tolonen N-dep
PMM0468,down,-1.50783616232717,significant_down,223,,115,psaJ,down,1,115.0,12h,Tolonen N-dep
PMM1384,up,-0.09241189,not_significant,1557,,,hli,,0,,12h,Tolonen N-dep
PMM1552,down,-2.87081737855559,significant_down,36,,21,rpsC,down,1,21.0,12h,Tolonen N-dep
PMM0363,up,2.2831177834588,significant_up,62,21,,,up,1,21.0,12h,Tolonen N-dep
PMM0965,up,1.5016806356999,significant_up,229,75,,ureA,up,1,75.0,12h,Tolonen N-dep
PMM1623,up,2.08544781083159,significant_up,90,29,,ssb,up,1,29.0,12h,Tolonen N-dep
PMM0810,up,2.2026800138387,significant_up,72,23,,,up,1,23.0,12h,Tolonen N-dep
PMM1511,down,-1.65348342187871,significant_down,174,,96,rpsL,down,1,96.0,12h,Tolonen N-dep
PMM0767,down,-2.17803715874705,significant_down,79,,48,fbp-sbp,down,1,48.0,12h,Tolonen N-dep
PMM0314,down,-0.845158719,not_significant,591,,,psbT,,0,,12h,Tolonen N-dep
PMM0364,up,1.74746904882664,significant_up,137,38,,,up,1,38.0,12h,Tolonen N-dep
PMM0307,down,-2.55452144061957,significant_down,47,,29,unk6,down,1,29.0,12h,Tolonen N-dep
PMM1555,down,-2.59574180949934,significant_down,45,,27,rplB,down,1,27.0,12h,Tolonen N-dep
PMM0491,up,1.000190593,not_significant,469,,,phhB,,0,,12h,Tolonen N-dep
PMM0987,down,-0.453860037,not_significant,1027,,,rpsU,,0,,12h,Tolonen N-dep
PMM1456,down,-2.7189533650134,significant_down,42,,24,atpI,down,1,24.0,12h,Tolonen N-dep
PMM0766,down,-1.98582963504288,significant_down,97,,60,rpe,down,1,60.0,12h,Tolonen N-dep
PMM0245,up,2.00144429211841,significant_up,95,30,,cobO2,up,1,30.0,12h,Tolonen N-dep
PMM1608,down,-1.54990923678515,significant_down,210,,110,acpP,down,1,110.0,12h,Tolonen N-dep
PMM1545,down,-2.01586084117554,significant_down,94,,58,rpsH,down,1,58.0,12h,Tolonen N-dep
PMM1578,down,-1.37835032281508,significant_down,262,,130,psaD,down,1,130.0,12h,Tolonen N-dep
PMM1644,down,-1.90555742061043,significant_down,107,,64,psbZ,down,1,64.0,12h,Tolonen N-dep
PMM0446,up,2.15756607398414,significant_up,84,27,,ctaCI,up,1,27.0,12h,Tolonen N-dep
PMM0754,down,-1.3291730051901,significant_down,284,,139,tsf,down,1,139.0,12h,Tolonen N-dep
PMM0429,down,-0.650550215,not_significant,782,,,petP,,0,,12h,Tolonen N-dep
PMM1601,up,1.27775406242196,significant_up,313,102,,glgP,up,1,102.0,12h,Tolonen N-dep
PMM1662,down,-1.12642878704997,significant_down,382,,154,rplT,down,1,154.0,12h,Tolonen N-dep
PMM1345,down,-1.40706754646679,significant_down,251,,126,rpmA,down,1,126.0,12h,Tolonen N-dep
PMM1610,down,-2.51039792235763,significant_down,49,,31,tktA,down,1,31.0,12h,Tolonen N-dep
PMM1336,down,-1.78056950847238,significant_down,131,,77,fabZ,down,1,77.0,12h,Tolonen N-dep
PMM0202,down,-2.53547162603514,significant_down,48,,30,rplJ,down,1,30.0,12h,Tolonen N-dep
PMM1285,down,-2.21576228382029,significant_down,70,,43,rpsP,down,1,43.0,12h,Tolonen N-dep
PMM1542,down,-1.60159784724912,significant_down,194,,104,rpsE,down,1,104.0,12h,Tolonen N-dep
PMM0368,up,1.2852892590724,significant_up,310,101,,,up,1,101.0,12h,Tolonen N-dep
PMM1661,down,-0.977837795,not_significant,484,,,rpmI,,0,,12h,Tolonen N-dep
PMM1438,down,-2.17384815105279,significant_down,81,,50,atpB,down,1,50.0,12h,Tolonen N-dep
PMM0747,down,-1.73640195457533,significant_down,143,,84,pcyA,down,1,84.0,12h,Tolonen N-dep
PMM0160,up,0.880477909,not_significant,567,,,ndhA,,0,,12h,Tolonen N-dep
PMM0075,up,1.86643245341588,significant_up,112,33,,,up,1,33.0,12h,Tolonen N-dep
PMM0870,down,-1.56884624597152,significant_down,206,,109,rpmG,down,1,109.0,12h,Tolonen N-dep
PMM0201,down,-2.3580532049972,significant_down,57,,35,rplL,down,1,35.0,12h,Tolonen N-dep
PMM1135,up,-0.126381412,not_significant,1502,,,hli,,0,,12h,Tolonen N-dep
PMM0494,down,-1.58768542736678,significant_down,202,,106,ppa,down,1,106.0,12h,Tolonen N-dep
PMM0936,up,0.917140899,not_significant,537,,,umuD,,0,,12h,Tolonen N-dep
PMM1655,down,-1.74348070474694,significant_down,141,,83,tig,down,1,83.0,12h,Tolonen N-dep
PMM1314,up,0.83152927,not_significant,601,,,clpP3,,0,,12h,Tolonen N-dep
PMM1409,up,1.29593374372983,significant_up,298,97,,,up,1,97.0,12h,Tolonen N-dep
PMM1149,up,1.7458018916434,significant_up,138,39,,,up,1,39.0,12h,Tolonen N-dep
PMM0410,down,-2.07957185578865,significant_down,91,,56,rpsD,down,1,56.0,12h,Tolonen N-dep
PMM1536,down,-2.23706273598769,significant_down,68,,41,rpsK,down,1,41.0,12h,Tolonen N-dep
PMM0751,down,-0.645286205,not_significant,788,,,,,0,,12h,Tolonen N-dep
PMM0858,up,1.55324788169015,significant_up,208,66,,,up,1,66.0,12h,Tolonen N-dep
PMM1609,down,-1.93160088825005,significant_down,104,,63,fabF,down,1,63.0,12h,Tolonen N-dep
PMM0329,down,-1.71746146441714,significant_down,148,,88,psaE,down,1,88.0,12h,Tolonen N-dep
PMM0348,down,-0.374215524,not_significant,1143,,,,,0,,12h,Tolonen N-dep
PMM1437,down,-0.71103547,not_significant,726,,,groES,,0,,12h,Tolonen N-dep
PMM0035,up,1.69639905167886,significant_up,157,46,,PSTA,up,1,46.0,12h,Tolonen N-dep
PMM0120,up,1.70982410151631,significant_up,151,43,,sulA,up,1,43.0,12h,Tolonen N-dep
PMM1011,down,-0.704349474,not_significant,735,,,,,0,,12h,Tolonen N-dep
PMM0145,up,1.02578305511637,significant_up,450,143,,ndhM,up,1,143.0,12h,Tolonen N-dep
PMM1412,up,1.4356349874705,significant_up,245,82,,,up,1,82.0,12h,Tolonen N-dep
PMM1532,down,-1.69166933852083,significant_down,159,,90,rplM,down,1,90.0,12h,Tolonen N-dep
PMM1678,up,1.17694486833715,significant_up,358,118,,,up,1,118.0,12h,Tolonen N-dep
PMM0214,down,-1.97070822941332,significant_down,99,,61,sul3,down,1,61.0,12h,Tolonen N-dep
PMM1312,up,1.14602048337495,significant_up,375,125,,yacL,up,1,125.0,12h,Tolonen N-dep
PMM0770,up,1.67513942996808,significant_up,167,51,,gnd,up,1,51.0,12h,Tolonen N-dep
PMM0428,down,-1.37246284030446,significant_down,265,,131,chlG,down,1,131.0,12h,Tolonen N-dep
PMM1490,up,1.16581022392336,significant_up,362,119,,deg1,up,1,119.0,12h,Tolonen N-dep
PMM0988,up,0.193652121,not_significant,1416,,,,,0,,12h,Tolonen N-dep
PMM0647,up,0.284739681,not_significant,1295,,,,,0,,12h,Tolonen N-dep
PMM0203,down,-1.36033984368776,significant_down,273,,133,rplA,down,1,133.0,12h,Tolonen N-dep
PMM0251,down,-0.773728549,not_significant,651,,,psbH,,0,,12h,Tolonen N-dep
PMM0651,up,1.50760574532417,significant_up,225,73,,,up,1,73.0,12h,Tolonen N-dep
PMM0797,down,-1.67516451066493,significant_down,166,,93,,down,1,93.0,12h,Tolonen N-dep
PMM1055,down,-1.36917789613286,significant_down,268,,132,chlI,down,1,132.0,12h,Tolonen N-dep
PMM0312,down,-1.31971951649539,significant_down,290,,140,rpsA1,down,1,140.0,12h,Tolonen N-dep
PMM1109,down,-0.257723954,not_significant,1334,,,,,0,,12h,Tolonen N-dep
PMM0626,up,1.30360515224529,significant_up,295,94,,,up,1,94.0,12h,Tolonen N-dep
PMM0502,up,1.60079308992079,significant_up,196,62,,ycf41,up,1,62.0,12h,Tolonen N-dep
PMM0869,down,-1.50127086139564,significant_down,230,,117,rpsR,down,1,117.0,12h,Tolonen N-dep
PMM1534,down,-1.51982904707024,significant_down,216,,113,rplQ,down,1,113.0,12h,Tolonen N-dep
PMM0046,down,-1.35350967848761,significant_down,275,,134,ndk,down,1,134.0,12h,Tolonen N-dep
PMM0204,down,-1.49610149070696,significant_down,232,,118,rplK,down,1,118.0,12h,Tolonen N-dep
PMM1544,down,-1.39908689556078,significant_down,255,,127,rplF,down,1,127.0,12h,Tolonen N-dep
PMM0480,up,1.15511724217074,significant_up,367,121,,,up,1,121.0,12h,Tolonen N-dep
PMM0964,up,1.32778315629641,significant_up,285,90,,ureB,up,1,90.0,12h,Tolonen N-dep
PMM0864,down,-0.654543898,not_significant,779,,,,,0,,12h,Tolonen N-dep
PMM1128,up,1.13601358466589,significant_up,378,126,,hli15,up,1,126.0,12h,Tolonen N-dep
PMM0511,down,-1.50360507545094,significant_down,228,,116,ppa,down,1,116.0,12h,Tolonen N-dep
PMM0691,down,-1.80424844337302,significant_down,126,,74,,down,1,74.0,12h,Tolonen N-dep
PMM0356,down,-1.2454919730866,significant_down,330,,147,pip,down,1,147.0,12h,Tolonen N-dep
PMM1154,up,1.13316656832566,significant_up,381,128,,ilvN,up,1,128.0,12h,Tolonen N-dep
PMM0784,down,-0.715668839,not_significant,718,,,accD,,0,,12h,Tolonen N-dep
PMM1183,down,-1.41767380806177,significant_down,248,,123,rpmH,down,1,123.0,12h,Tolonen N-dep
PMM1146,up,1.04468387411948,significant_up,439,141,,pntA2,up,1,141.0,12h,Tolonen N-dep
PMM0969,up,1.21799783854879,significant_up,342,113,,ureG,up,1,113.0,12h,Tolonen N-dep
PMM1643,down,-1.70402987159497,significant_down,153,,89,ribH,down,1,89.0,12h,Tolonen N-dep
PMM0560,down,-1.60593380336612,significant_down,190,,102,hisG,down,1,102.0,12h,Tolonen N-dep
PMM0510,down,-1.59897556232557,significant_down,198,,105,,down,1,105.0,12h,Tolonen N-dep
PMM0273,down,-1.28973617044705,significant_down,301,,142,mviM,down,1,142.0,12h,Tolonen N-dep
PMM1607,down,-1.38716318794293,significant_down,260,,129,psaC,down,1,129.0,12h,Tolonen N-dep
PMM0930,down,-0.818685721,not_significant,611,,,phdB,,0,,12h,Tolonen N-dep
PMM1440,down,-0.936800461,not_significant,519,,,ycf65,,0,,12h,Tolonen N-dep
PMM1442,up,1.05427205615815,significant_up,434,139,,pepP,up,1,139.0,12h,Tolonen N-dep
PMM0906,down,-1.43766422555525,significant_down,244,,122,psaK,down,1,122.0,12h,Tolonen N-dep
PMM0769,down,-1.4382214703703,significant_down,242,,121,glgC,down,1,121.0,12h,Tolonen N-dep
PMM0296,down,-1.34091667069291,significant_down,279,,137,ycf48,down,1,137.0,12h,Tolonen N-dep
PMM0206,down,-0.809385703,not_significant,621,,,secE,,0,,12h,Tolonen N-dep
PMM0753,down,-1.14455970835497,significant_down,376,,153,rpsB,down,1,153.0,12h,Tolonen N-dep
PMM0026,down,-1.11696475208442,significant_down,388,,156,efp,down,1,156.0,12h,Tolonen N-dep
PMM0142,down,-1.093795685518,significant_down,406,,159,,down,1,159.0,12h,Tolonen N-dep
PMM0844,down,-1.16695378712075,significant_down,361,,151,cycI1,down,1,151.0,12h,Tolonen N-dep
PMM0030,up,3.61972999383728,significant_up,8,4,,,up,1,4.0,24h,Tolonen N-dep
PMM0337,up,2.38597141767421,significant_up,43,15,,,up,1,15.0,24h,Tolonen N-dep
PMM0346,down,-1.26514257,not_significant,248,,,,,0,,24h,Tolonen N-dep
PMM0370,up,4.06454932416169,significant_up,3,1,,cynA,up,1,1.0,24h,Tolonen N-dep
PMM0550,down,-3.05897135912011,significant_down,16,,5,rbcL,down,1,5.0,24h,Tolonen N-dep
PMM1453,down,-3.81859506232227,significant_down,6,,2,atpF,down,1,2.0,24h,Tolonen N-dep
PMM1452,down,-4.32896716299897,significant_down,1,,1,atpD,down,1,1.0,24h,Tolonen N-dep
PMM0690,up,2.86903088995625,significant_up,17,8,,hli,up,1,8.0,24h,Tolonen N-dep
PMM1454,down,-3.75132140717894,significant_down,7,,3,atpG,down,1,3.0,24h,Tolonen N-dep
PMM1404,up,2.03488150919078,significant_up,71,18,,hli,up,1,18.0,24h,Tolonen N-dep
PMM0920,up,3.92174594063168,significant_up,4,2,,glnA,up,1,2.0,24h,Tolonen N-dep
PMM0970,up,3.86942338221993,significant_up,5,3,,urtA,up,1,3.0,24h,Tolonen N-dep
PMM0699,down,-1.18208576764275,significant_down,280,,118,,down,1,118.0,24h,Tolonen N-dep
PMM1557,down,-1.58798543739911,significant_down,149,,66,rplD,down,1,66.0,24h,Tolonen N-dep
PMM1390,up,2.64333175101937,significant_up,28,11,,hli,up,1,11.0,24h,Tolonen N-dep
PMM1455,down,-3.09825640057912,significant_down,15,,4,atpH,down,1,4.0,24h,Tolonen N-dep
PMM0818,up,1.027106118,not_significant,364,,,hli,,0,,24h,Tolonen N-dep
PMM0453,down,-1.71879441414578,significant_down,119,,49,fabG,down,1,49.0,24h,Tolonen N-dep
PMM0689,up,2.58907972758143,significant_up,32,13,,hli,up,1,13.0,24h,Tolonen N-dep
PMM1706,down,-2.16251495687907,significant_down,64,,24,rpsF,down,1,24.0,24h,Tolonen N-dep
PMM0365,up,1.72204351014507,significant_up,118,23,,,up,1,23.0,24h,Tolonen N-dep
PMM0246,up,1.67965300850396,significant_up,130,24,,ntcA,up,1,24.0,24h,Tolonen N-dep
PMM0336,up,3.47510694687107,significant_up,11,6,,PTOX,up,1,6.0,24h,Tolonen N-dep
PMM1451,down,-2.50827643713089,significant_down,36,,13,atpA,down,1,13.0,24h,Tolonen N-dep
PMM0901,down,-2.78882953242654,significant_down,20,,7,htpG,down,1,7.0,24h,Tolonen N-dep
PMM0687,up,2.69060631939773,significant_up,24,10,,,up,1,10.0,24h,Tolonen N-dep
PMM0374,up,2.2220142282724,significant_up,54,16,,tatA,up,1,16.0,24h,Tolonen N-dep
PMM0583,down,-1.76735603910995,significant_down,113,,48,hemE,down,1,48.0,24h,Tolonen N-dep
PMM1558,down,-2.01584735165486,significant_down,74,,29,rplC,down,1,29.0,24h,Tolonen N-dep
PMM0447,up,1.23700474605432,significant_up,258,45,,ctaA,up,1,45.0,24h,Tolonen N-dep
PMM0452,down,-2.5925939136115,significant_down,31,,9,groL2,down,1,9.0,24h,Tolonen N-dep
PMM0334,up,1.47198379921503,significant_up,178,30,,,up,1,30.0,24h,Tolonen N-dep
PMM0549,down,-2.5726318474402,significant_down,35,,12,csoS1A,down,1,12.0,24h,Tolonen N-dep
PMM1541,down,-1.59625435765895,significant_down,146,,65,rplO,down,1,65.0,24h,Tolonen N-dep
PMM0272,down,-1.53270573416009,significant_down,163,,71,psbK,down,1,71.0,24h,Tolonen N-dep
PMM0819,up,2.80573988221821,significant_up,18,9,,,up,1,9.0,24h,Tolonen N-dep
PMM1538,down,-1.48140284648015,significant_down,176,,77,rpmJ,down,1,77.0,24h,Tolonen N-dep
PMM1520,down,-1.9077423601699,significant_down,82,,34,psaI,down,1,34.0,24h,Tolonen N-dep
PMM1537,down,-1.92846853778978,significant_down,80,,33,rpsM,down,1,33.0,24h,Tolonen N-dep
PMM1396,up,0.490383715,not_significant,813,,,hli,,0,,24h,Tolonen N-dep
PMM0684,up,2.61635491443344,significant_up,29,12,,,up,1,12.0,24h,Tolonen N-dep
PMM1397,up,0.626675225,not_significant,659,,,hli,,0,,24h,Tolonen N-dep
PMM0552,down,-1.49050792699368,significant_down,172,,76,csoS2,down,1,76.0,24h,Tolonen N-dep
PMM0785,down,-2.1203166474552,significant_down,67,,26,prkB,down,1,26.0,24h,Tolonen N-dep
PMM1523,down,-0.958442428,not_significant,402,,,psaB,,0,,24h,Tolonen N-dep
PMM1519,down,-1.71309283642159,significant_down,122,,51,psaL,down,1,51.0,24h,Tolonen N-dep
PMM1556,down,-1.80984874212562,significant_down,95,,40,rplW,down,1,40.0,24h,Tolonen N-dep
PMM1507,down,-2.49135286036594,significant_down,38,,14,rpsJ,down,1,14.0,24h,Tolonen N-dep
PMM0876,down,-1.13964892327649,significant_down,300,,125,,down,1,125.0,24h,Tolonen N-dep
PMM1134,up,2.50654400404059,significant_up,37,14,,,up,1,14.0,24h,Tolonen N-dep
PMM1457,down,-2.42995668021215,significant_down,40,,15,atp1,down,1,15.0,24h,Tolonen N-dep
PMM1700,up,1.38997099886169,significant_up,209,38,,acnB,up,1,38.0,24h,Tolonen N-dep
PMM0710,down,-1.77058709337761,significant_down,111,,47,pstS,down,1,47.0,24h,Tolonen N-dep
PMM1385,up,0.541774318,not_significant,750,,,hli,,0,,24h,Tolonen N-dep
PMM0605,down,-1.39412109806835,significant_down,206,,90,,down,1,90.0,24h,Tolonen N-dep
PMM1554,down,-2.28717520929564,significant_down,48,,18,rpsS,down,1,18.0,24h,Tolonen N-dep
PMM1350,down,-1.67789107979396,significant_down,132,,55,,down,1,55.0,24h,Tolonen N-dep
PMM0971,up,0.89713493,not_significant,447,,,urtB,,0,,24h,Tolonen N-dep
PMM0548,up,-0.225463633,not_significant,1264,,,rdgB,,0,,24h,Tolonen N-dep
PMM1262,up,2.18081925286478,significant_up,61,17,,lexA,up,1,17.0,24h,Tolonen N-dep
PMM0540,down,-1.80322942128959,significant_down,96,,41,psaM,down,1,41.0,24h,Tolonen N-dep
PMM0371,up,1.92816297994649,significant_up,81,19,,cynB,up,1,19.0,24h,Tolonen N-dep
PMM0817,up,0.798457855,not_significant,509,,,hli,,0,,24h,Tolonen N-dep
PMM0306,down,-1.481906883,not_significant,175,,,cpeS,,0,,24h,Tolonen N-dep
PMM1562,up,1.45542937988528,significant_up,184,32,,recA,up,1,32.0,24h,Tolonen N-dep
PMM1553,down,-1.78646817478829,significant_down,104,,43,rplV,down,1,43.0,24h,Tolonen N-dep
PMM1375,down,-1.6051592918442,significant_down,142,,62,,down,1,62.0,24h,Tolonen N-dep
PMM1074,up,1.23495418942453,significant_up,260,46,,zwf,up,1,46.0,24h,Tolonen N-dep
PMM0781,down,-2.26715506488938,significant_down,52,,19,fbaA,down,1,19.0,24h,Tolonen N-dep
PMM0726,up,1.41841548595105,significant_up,196,36,,,up,1,36.0,24h,Tolonen N-dep
PMM1672,up,1.115017438,not_significant,313,,,desC4,,0,,24h,Tolonen N-dep
PMM1402,down,-2.22027515852215,significant_down,55,,21,,down,1,21.0,24h,Tolonen N-dep
PMM0469,down,-1.86208775256011,significant_down,87,,37,psaF,down,1,37.0,24h,Tolonen N-dep
PMM0996,up,0.744368821,not_significant,560,,,,,0,,24h,Tolonen N-dep
PMM1298,down,-1.42354410924922,significant_down,194,,85,lpdA,down,1,85.0,24h,Tolonen N-dep
PMM0599,down,-1.52209044703868,significant_down,165,,72,,down,1,72.0,24h,Tolonen N-dep
PMM0087,up,1.87589130338448,significant_up,85,20,,,up,1,20.0,24h,Tolonen N-dep
PMM0468,down,-1.47069521810533,significant_down,179,,79,psaJ,down,1,79.0,24h,Tolonen N-dep
PMM1384,up,0.999889814775561,significant_up,376,70,,hli,up,1,70.0,24h,Tolonen N-dep
PMM1552,down,-1.87713919482867,significant_down,84,,35,rpsC,down,1,35.0,24h,Tolonen N-dep
PMM0363,up,1.23124434153634,significant_up,263,47,,,up,1,47.0,24h,Tolonen N-dep
PMM0965,up,1.0838688978539,significant_up,327,59,,ureA,up,1,59.0,24h,Tolonen N-dep
PMM1623,up,1.8511107731581,significant_up,89,21,,ssb,up,1,21.0,24h,Tolonen N-dep
PMM0810,up,1.02071926885677,significant_up,369,67,,,up,1,67.0,24h,Tolonen N-dep
PMM1511,down,-1.31837895901793,significant_down,232,,101,rpsL,down,1,101.0,24h,Tolonen N-dep
PMM0767,down,-2.19475008836788,significant_down,58,,22,fbp-sbp,down,1,22.0,24h,Tolonen N-dep
PMM0314,down,-1.22543895615987,significant_down,264,,112,psbT,down,1,112.0,24h,Tolonen N-dep
PMM0364,up,0.987114006,not_significant,384,,,,,0,,24h,Tolonen N-dep
PMM0307,down,-2.16891014887918,significant_down,63,,23,unk6,down,1,23.0,24h,Tolonen N-dep
PMM1555,down,-1.57239769423282,significant_down,152,,68,rplB,down,1,68.0,24h,Tolonen N-dep
PMM0491,up,0.003321064,not_significant,1690,,,phhB,,0,,24h,Tolonen N-dep
PMM0987,down,-1.20000366688896,significant_down,271,,114,rpsU,down,1,114.0,24h,Tolonen N-dep
PMM1456,down,-1.80165444170811,significant_down,98,,42,atpI,down,1,42.0,24h,Tolonen N-dep
PMM0766,down,-2.14374895196032,significant_down,66,,25,rpe,down,1,25.0,24h,Tolonen N-dep
PMM0245,up,1.61138063892605,significant_up,139,25,,cobO2,up,1,25.0,24h,Tolonen N-dep
PMM1608,down,-1.39061236741554,significant_down,208,,92,acpP,down,1,92.0,24h,Tolonen N-dep
PMM1545,down,-1.07115499866133,significant_down,335,,131,rpsH,down,1,131.0,24h,Tolonen N-dep
PMM1578,down,-1.97601218857089,significant_down,75,,30,psaD,down,1,30.0,24h,Tolonen N-dep
PMM1644,down,-1.45631651664793,significant_down,183,,81,psbZ,down,1,81.0,24h,Tolonen N-dep
PMM0446,up,1.41083144769982,significant_up,198,37,,ctaCI,up,1,37.0,24h,Tolonen N-dep
PMM0754,down,-2.0670406809543,significant_down,69,,27,tsf,down,1,27.0,24h,Tolonen N-dep
PMM0429,down,-1.3315254764616,significant_down,224,,98,petP,down,1,98.0,24h,Tolonen N-dep
PMM1601,up,0.870365439,not_significant,462,,,glgP,,0,,24h,Tolonen N-dep
PMM1662,down,-2.03242934045351,significant_down,72,,28,rplT,down,1,28.0,24h,Tolonen N-dep
PMM1345,down,-1.17809039185204,significant_down,285,,119,rpmA,down,1,119.0,24h,Tolonen N-dep
PMM1610,down,-1.35365849750971,significant_down,219,,95,tktA,down,1,95.0,24h,Tolonen N-dep
PMM1336,down,-0.829710379,not_significant,491,,,fabZ,,0,,24h,Tolonen N-dep
PMM0202,down,-1.64293191936763,significant_down,134,,57,rplJ,down,1,57.0,24h,Tolonen N-dep
PMM1285,down,-1.58712453993507,significant_down,150,,67,rpsP,down,1,67.0,24h,Tolonen N-dep
PMM1542,down,-1.43520627400353,significant_down,192,,83,rpsE,down,1,83.0,24h,Tolonen N-dep
PMM0368,up,1.43586048252616,significant_up,191,35,,,up,1,35.0,24h,Tolonen N-dep
PMM1661,down,-1.933464642716,significant_down,78,,32,rpmI,down,1,32.0,24h,Tolonen N-dep
PMM1438,down,-1.47948025869058,significant_down,177,,78,atpB,down,1,78.0,24h,Tolonen N-dep
PMM0747,down,-1.077285148,not_significant,330,,,pcyA,,0,,24h,Tolonen N-dep
PMM0160,up,1.008746401184,significant_up,374,69,,ndhA,up,1,69.0,24h,Tolonen N-dep
PMM0075,up,0.535411678,not_significant,755,,,,,0,,24h,Tolonen N-dep
PMM0870,down,-1.61318766781031,significant_down,138,,60,rpmG,down,1,60.0,24h,Tolonen N-dep
PMM0201,down,-1.69642274856357,significant_down,127,,53,rplL,down,1,53.0,24h,Tolonen N-dep
PMM1135,up,0.83543998,not_significant,488,,,hli,,0,,24h,Tolonen N-dep
PMM0494,down,-1.1230130584379,significant_down,308,,127,ppa,down,1,127.0,24h,Tolonen N-dep
PMM0936,up,1.140770694,not_significant,299,,,umuD,,0,,24h,Tolonen N-dep
PMM1655,down,-1.84850355428005,significant_down,90,,38,tig,down,1,38.0,24h,Tolonen N-dep
PMM1314,up,0.584988274,not_significant,695,,,clpP3,,0,,24h,Tolonen N-dep
PMM1409,up,1.13914039243546,significant_up,301,54,,,up,1,54.0,24h,Tolonen N-dep
PMM1149,up,0.511122391,not_significant,789,,,,,0,,24h,Tolonen N-dep
PMM0410,down,-1.82754814042713,significant_down,93,,39,rpsD,down,1,39.0,24h,Tolonen N-dep
PMM1536,down,-1.45872534616482,significant_down,181,,80,rpsK,down,1,80.0,24h,Tolonen N-dep
PMM0751,down,-0.960160893338104,significant_down,399,,137,,down,1,137.0,24h,Tolonen N-dep
PMM0858,up,0.750120241,not_significant,551,,,,,0,,24h,Tolonen N-dep
PMM1609,down,-1.41065762941071,significant_down,200,,88,fabF,down,1,88.0,24h,Tolonen N-dep
PMM0329,down,-1.68945393536491,significant_down,128,,54,psaE,down,1,54.0,24h,Tolonen N-dep
PMM0348,down,-1.6093190683664,significant_down,140,,61,,down,1,61.0,24h,Tolonen N-dep
PMM1437,down,-1.25986632866868,significant_down,250,,106,groES,down,1,106.0,24h,Tolonen N-dep
PMM0035,up,1.29235948696794,significant_up,242,43,,PSTA,up,1,43.0,24h,Tolonen N-dep
PMM0120,up,0.732444186,not_significant,569,,,sulA,,0,,24h,Tolonen N-dep
PMM1011,down,-1.08122824004496,significant_down,328,,130,,down,1,130.0,24h,Tolonen N-dep
PMM0145,up,1.27026167845213,significant_up,246,44,,ndhM,up,1,44.0,24h,Tolonen N-dep
PMM1412,up,0.746836032,not_significant,556,,,,,0,,24h,Tolonen N-dep
PMM1532,down,-1.39163738932687,significant_down,207,,91,rplM,down,1,91.0,24h,Tolonen N-dep
PMM1678,up,1.11154148788275,significant_up,317,57,,,up,1,57.0,24h,Tolonen N-dep
PMM0214,down,-1.16858495708296,significant_down,290,,123,sul3,down,1,123.0,24h,Tolonen N-dep
PMM1312,up,1.02732819792048,significant_up,362,66,,yacL,up,1,66.0,24h,Tolonen N-dep
PMM0770,up,0.221716812,not_significant,1269,,,gnd,,0,,24h,Tolonen N-dep
PMM0428,down,-0.765785038,not_significant,541,,,chlG,,0,,24h,Tolonen N-dep
PMM1490,up,0.688679247,not_significant,610,,,deg1,,0,,24h,Tolonen N-dep
PMM0988,up,1.180778557369,significant_up,282,52,,,up,1,52.0,24h,Tolonen N-dep
PMM0647,up,-1.021231825,not_significant,368,,,,,0,,24h,Tolonen N-dep
PMM0203,down,-1.032436001,not_significant,359,,,rplA,,0,,24h,Tolonen N-dep
PMM0251,down,-1.24584556352837,significant_down,254,,108,psbH,down,1,108.0,24h,Tolonen N-dep
PMM0651,up,1.027565032,not_significant,361,,,,,0,,24h,Tolonen N-dep
PMM0797,down,-1.457678496,not_significant,182,,,,,0,,24h,Tolonen N-dep
PMM1055,down,-1.62297612149446,significant_down,136,,58,chlI,down,1,58.0,24h,Tolonen N-dep
PMM0312,down,-0.917058205,not_significant,431,,,rpsA1,,0,,24h,Tolonen N-dep
PMM1109,down,-1.59662357403088,significant_down,144,,63,,down,1,63.0,24h,Tolonen N-dep
PMM0626,up,0.166782184,not_significant,1367,,,,,0,,24h,Tolonen N-dep
PMM0502,up,0.155866982,not_significant,1394,,,ycf41,,0,,24h,Tolonen N-dep
PMM0869,down,-1.44546128853607,significant_down,189,,82,rpsR,down,1,82.0,24h,Tolonen N-dep
PMM1534,down,-0.917638124,not_significant,429,,,rplQ,,0,,24h,Tolonen N-dep
PMM0046,down,-1.23125443547191,significant_down,262,,111,ndk,down,1,111.0,24h,Tolonen N-dep
PMM0204,down,-1.23972626106634,significant_down,257,,110,rplK,down,1,110.0,24h,Tolonen N-dep
PMM1544,down,-1.41072694114529,significant_down,199,,87,rplF,down,1,87.0,24h,Tolonen N-dep
PMM0480,up,0.852500546,not_significant,476,,,,,0,,24h,Tolonen N-dep
PMM0964,up,0.683407688,not_significant,615,,,ureB,,0,,24h,Tolonen N-dep
PMM0864,down,-1.11553751328274,significant_down,311,,128,,down,1,128.0,24h,Tolonen N-dep
PMM1128,up,0.934026768655319,significant_up,419,72,,hli15,up,1,72.0,24h,Tolonen N-dep
PMM0511,down,-1.008904391,not_significant,373,,,ppa,,0,,24h,Tolonen N-dep
PMM0691,down,-1.42908431986281,significant_down,193,,84,,down,1,84.0,24h,Tolonen N-dep
PMM0356,down,-0.653105944,not_significant,639,,,pip,,0,,24h,Tolonen N-dep
PMM1154,up,0.676828295,not_significant,619,,,ilvN,,0,,24h,Tolonen N-dep
PMM0784,down,-0.926164282954587,significant_down,426,,138,accD,down,1,138.0,24h,Tolonen N-dep
PMM1183,down,-1.38663708853281,significant_down,211,,94,rpmH,down,1,94.0,24h,Tolonen N-dep
PMM1146,up,0.52973443,not_significant,759,,,pntA2,,0,,24h,Tolonen N-dep
PMM0969,up,0.801503554,not_significant,505,,,ureG,,0,,24h,Tolonen N-dep
PMM1643,down,-0.883873514,not_significant,455,,,ribH,,0,,24h,Tolonen N-dep
PMM0560,down,-0.904131376,not_significant,442,,,hisG,,0,,24h,Tolonen N-dep
PMM0510,down,-1.06212326814168,significant_down,340,,134,,down,1,134.0,24h,Tolonen N-dep
PMM0273,down,-0.914556232,not_significant,435,,,mviM,,0,,24h,Tolonen N-dep
PMM1607,down,-1.31708951343884,significant_down,233,,102,psaC,down,1,102.0,24h,Tolonen N-dep
PMM0930,down,-0.881280826608329,significant_down,456,,141,phdB,down,1,141.0,24h,Tolonen N-dep
PMM1440,down,-1.30876858359334,significant_down,235,,104,ycf65,down,1,104.0,24h,Tolonen N-dep
PMM1442,up,0.674432637,not_significant,621,,,pepP,,0,,24h,Tolonen N-dep
PMM0906,down,-1.17531682777119,significant_down,288,,121,psaK,down,1,121.0,24h,Tolonen N-dep
PMM0769,down,-1.14095510760569,significant_down,298,,124,glgC,down,1,124.0,24h,Tolonen N-dep
PMM0296,down,-0.897746446,not_significant,446,,,ycf48,,0,,24h,Tolonen N-dep
PMM0206,down,-0.560145318,not_significant,729,,,secE,,0,,24h,Tolonen N-dep
PMM0753,down,-1.18809230456815,significant_down,278,,117,rpsB,down,1,117.0,24h,Tolonen N-dep
PMM0026,down,-0.558618667,not_significant,730,,,efp,,0,,24h,Tolonen N-dep
PMM0142,down,-1.12394712523125,significant_down,307,,126,,down,1,126.0,24h,Tolonen N-dep
PMM0844,down,-1.11321609381591,significant_down,316,,129,cycI1,down,1,129.0,24h,Tolonen N-dep
PMM0030,up,4.46644526664637,significant_up,1,1,,,up,1,1.0,48h,Tolonen N-dep
PMM0337,up,2.30550115017114,significant_up,108,26,,,up,1,26.0,48h,Tolonen N-dep
PMM0346,down,-0.551720106,not_significant,922,,,,,0,,48h,Tolonen N-dep
PMM0370,up,3.91380620805672,significant_up,13,6,,cynA,up,1,6.0,48h,Tolonen N-dep
PMM0550,down,-3.61778649406898,significant_down,26,,5,rbcL,down,1,5.0,48h,Tolonen N-dep
PMM1453,down,-3.94991672395021,significant_down,11,,2,atpF,down,1,2.0,48h,Tolonen N-dep
PMM1452,down,-3.48063602196416,significant_down,27,,6,atpD,down,1,6.0,48h,Tolonen N-dep
PMM0690,up,4.12560672898169,significant_up,4,2,,hli,up,1,2.0,48h,Tolonen N-dep
PMM1454,down,-3.88330258399276,significant_down,14,,4,atpG,down,1,4.0,48h,Tolonen N-dep
PMM1404,up,4.10790419940743,significant_up,5,3,,hli,up,1,3.0,48h,Tolonen N-dep
PMM0920,up,3.79888923224975,significant_up,18,8,,glnA,up,1,8.0,48h,Tolonen N-dep
PMM0970,up,3.8347661783105,significant_up,16,7,,urtA,up,1,7.0,48h,Tolonen N-dep
PMM0699,down,-0.147384031,not_significant,1482,,,,,0,,48h,Tolonen N-dep
PMM1557,down,-1.550047865,not_significant,228,,,rplD,,0,,48h,Tolonen N-dep
PMM1390,up,3.19022701968105,significant_up,37,9,,hli,up,1,9.0,48h,Tolonen N-dep
PMM1455,down,-3.44973254994387,significant_down,28,,7,atpH,down,1,7.0,48h,Tolonen N-dep
PMM0818,up,2.78998029921587,significant_up,65,14,,hli,up,1,14.0,48h,Tolonen N-dep
PMM0453,down,-2.365711879,not_significant,101,,,fabG,,0,,48h,Tolonen N-dep
PMM0689,up,3.95358979287603,significant_up,10,5,,hli,up,1,5.0,48h,Tolonen N-dep
PMM1706,down,-2.156900837,not_significant,124,,,rpsF,,0,,48h,Tolonen N-dep
PMM0365,up,2.04617122278293,significant_up,138,35,,,up,1,35.0,48h,Tolonen N-dep
PMM0246,up,1.22622802,not_significant,353,,,ntcA,,0,,48h,Tolonen N-dep
PMM0336,up,2.0568702131089,significant_up,136,33,,PTOX,up,1,33.0,48h,Tolonen N-dep
PMM1451,down,-2.45423069271253,significant_down,89,,25,atpA,down,1,25.0,48h,Tolonen N-dep
PMM0901,down,-2.13044024359863,significant_down,127,,33,htpG,down,1,33.0,48h,Tolonen N-dep
PMM0687,up,2.77320004807168,significant_up,67,15,,,up,1,15.0,48h,Tolonen N-dep
PMM0374,up,2.8866215663382,significant_up,60,13,,tatA,up,1,13.0,48h,Tolonen N-dep
PMM0583,down,-2.55722537475948,significant_down,83,,22,hemE,down,1,22.0,48h,Tolonen N-dep
PMM1558,down,-1.709141338,not_significant,194,,,rplC,,0,,48h,Tolonen N-dep
PMM0447,up,1.501439193,not_significant,245,,,ctaA,,0,,48h,Tolonen N-dep
PMM0452,down,-1.867081506,not_significant,165,,,groL2,,0,,48h,Tolonen N-dep
PMM0334,up,1.6945363,not_significant,198,,,,,0,,48h,Tolonen N-dep
PMM0549,down,-3.4001384622608,significant_down,32,,9,csoS1A,down,1,9.0,48h,Tolonen N-dep
PMM1541,down,-1.608050015,not_significant,211,,,rplO,,0,,48h,Tolonen N-dep
PMM0272,down,-2.20217817688508,significant_down,117,,30,psbK,down,1,30.0,48h,Tolonen N-dep
PMM0819,up,3.08982805484965,significant_up,45,12,,,up,1,12.0,48h,Tolonen N-dep
PMM1538,down,-1.161610707,not_significant,380,,,rpmJ,,0,,48h,Tolonen N-dep
PMM1520,down,-3.35233011000577,significant_down,34,,10,psaI,down,1,10.0,48h,Tolonen N-dep
PMM1537,down,-1.39705548,not_significant,280,,,rpsM,,0,,48h,Tolonen N-dep
PMM1396,up,2.40135960438719,significant_up,99,24,,hli,up,1,24.0,48h,Tolonen N-dep
PMM0684,up,3.09611250803725,significant_up,43,11,,,up,1,11.0,48h,Tolonen N-dep
PMM1397,up,2.43320581685279,significant_up,93,20,,hli,up,1,20.0,48h,Tolonen N-dep
PMM0552,down,-2.29663910834651,significant_down,110,,29,csoS2,down,1,29.0,48h,Tolonen N-dep
PMM0785,down,-2.44555678144565,significant_down,91,,26,prkB,down,1,26.0,48h,Tolonen N-dep
PMM1523,down,-3.05478507759346,significant_down,49,,12,psaB,down,1,12.0,48h,Tolonen N-dep
PMM1519,down,-3.04161162745084,significant_down,50,,13,psaL,down,1,13.0,48h,Tolonen N-dep
PMM1556,down,-1.378260962,not_significant,285,,,rplW,,0,,48h,Tolonen N-dep
PMM1507,down,-1.583437744,not_significant,219,,,rpsJ,,0,,48h,Tolonen N-dep
PMM0876,down,-1.080028245,not_significant,426,,,,,0,,48h,Tolonen N-dep
PMM1134,up,1.97774682163039,significant_up,151,39,,,up,1,39.0,48h,Tolonen N-dep
PMM1457,down,-1.518188196,not_significant,237,,,atp1,,0,,48h,Tolonen N-dep
PMM1700,up,1.584062301,not_significant,218,,,acnB,,0,,48h,Tolonen N-dep
PMM0710,down,-2.93625743923476,significant_down,56,,15,pstS,down,1,15.0,48h,Tolonen N-dep
PMM1385,up,1.89507204274512,significant_up,163,44,,hli,up,1,44.0,48h,Tolonen N-dep
PMM0605,down,-1.402525151,not_significant,275,,,,,0,,48h,Tolonen N-dep
PMM1554,down,-1.411931773,not_significant,271,,,rpsS,,0,,48h,Tolonen N-dep
PMM1350,down,-2.1507085413444,significant_down,125,,32,,down,1,32.0,48h,Tolonen N-dep
PMM0971,up,0.837361867,not_significant,606,,,urtB,,0,,48h,Tolonen N-dep
PMM0548,up,2.63423814184361,significant_up,77,16,,rdgB,up,1,16.0,48h,Tolonen N-dep
PMM1262,up,2.23795040758955,significant_up,114,28,,lexA,up,1,28.0,48h,Tolonen N-dep
PMM0540,down,-2.76710126949936,significant_down,68,,17,psaM,down,1,17.0,48h,Tolonen N-dep
PMM0371,up,2.10887801596109,significant_up,130,31,,cynB,up,1,31.0,48h,Tolonen N-dep
PMM0817,up,2.43065922366187,significant_up,94,21,,hli,up,1,21.0,48h,Tolonen N-dep
PMM0306,down,-1.725725078,not_significant,191,,,cpeS,,0,,48h,Tolonen N-dep
PMM1562,up,2.52805583953322,significant_up,86,18,,recA,up,1,18.0,48h,Tolonen N-dep
PMM1553,down,-2.01452322178397,significant_down,145,,36,rplV,down,1,36.0,48h,Tolonen N-dep
PMM1375,down,-0.73129805,not_significant,711,,,,,0,,48h,Tolonen N-dep
PMM1074,up,1.55149349,not_significant,227,,,zwf,,0,,48h,Tolonen N-dep
PMM0781,down,-1.745429742,not_significant,184,,,fbaA,,0,,48h,Tolonen N-dep
PMM0726,up,1.72661804895099,significant_up,190,48,,,up,1,48.0,48h,Tolonen N-dep
PMM1672,up,2.44717999104936,significant_up,90,19,,desC4,up,1,19.0,48h,Tolonen N-dep
PMM1402,down,-1.287537685,not_significant,322,,,,,0,,48h,Tolonen N-dep
PMM0469,down,-2.67450412283817,significant_down,74,,19,psaF,down,1,19.0,48h,Tolonen N-dep
PMM0996,up,1.713188854,not_significant,193,,,,,0,,48h,Tolonen N-dep
PMM1298,down,-1.679979028,not_significant,201,,,lpdA,,0,,48h,Tolonen N-dep
PMM0599,down,-1.135474385,not_significant,392,,,,,0,,48h,Tolonen N-dep
PMM0087,up,2.42699072707264,significant_up,95,22,,,up,1,22.0,48h,Tolonen N-dep
PMM0468,down,-2.60584315915991,significant_down,80,,21,psaJ,down,1,21.0,48h,Tolonen N-dep
PMM1384,up,2.40222791807457,significant_up,98,23,,hli,up,1,23.0,48h,Tolonen N-dep
PMM1552,down,-2.16466591918313,significant_down,122,,31,rpsC,down,1,31.0,48h,Tolonen N-dep
PMM0363,up,2.12143715991507,significant_up,128,30,,,up,1,30.0,48h,Tolonen N-dep
PMM0965,up,1.243182442,not_significant,340,,,ureA,,0,,48h,Tolonen N-dep
PMM1623,up,2.19945833946337,significant_up,118,29,,ssb,up,1,29.0,48h,Tolonen N-dep
PMM0810,up,1.98405556638664,significant_up,149,38,,,up,1,38.0,48h,Tolonen N-dep
PMM1511,down,-1.123911182,not_significant,397,,,rpsL,,0,,48h,Tolonen N-dep
PMM0767,down,-2.09683020364209,significant_down,132,,34,fbp-sbp,down,1,34.0,48h,Tolonen N-dep
PMM0314,down,-2.55323264169873,significant_down,85,,23,psbT,down,1,23.0,48h,Tolonen N-dep
PMM0364,up,1.8672449556155,significant_up,164,45,,,up,1,45.0,48h,Tolonen N-dep
PMM0307,down,-2.48801142364058,significant_down,88,,24,unk6,down,1,24.0,48h,Tolonen N-dep
PMM1555,down,-1.228056738,not_significant,352,,,rplB,,0,,48h,Tolonen N-dep
PMM0491,up,-0.153752381,not_significant,1471,,,phhB,,0,,48h,Tolonen N-dep
PMM0987,down,0.226255615,not_significant,1380,,,rpsU,,0,,48h,Tolonen N-dep
PMM1456,down,-1.901389184,not_significant,162,,,atpI,,0,,48h,Tolonen N-dep
PMM0766,down,-2.3146504769522,significant_down,106,,28,rpe,down,1,28.0,48h,Tolonen N-dep
PMM0245,up,2.28263501813035,significant_up,111,27,,cobO2,up,1,27.0,48h,Tolonen N-dep
PMM1608,down,-1.597687282,not_significant,214,,,acpP,,0,,48h,Tolonen N-dep
PMM1545,down,-1.487666412,not_significant,249,,,rpsH,,0,,48h,Tolonen N-dep
PMM1578,down,-2.42538123275364,significant_down,97,,27,psaD,down,1,27.0,48h,Tolonen N-dep
PMM1644,down,-0.990628251,not_significant,474,,,psbZ,,0,,48h,Tolonen N-dep
PMM0446,up,1.566313948,not_significant,224,,,ctaCI,,0,,48h,Tolonen N-dep
PMM0754,down,-0.214581706,not_significant,1392,,,tsf,,0,,48h,Tolonen N-dep
PMM0429,down,-0.856167925,not_significant,581,,,petP,,0,,48h,Tolonen N-dep
PMM1601,up,1.188163222,not_significant,366,,,glgP,,0,,48h,Tolonen N-dep
PMM1662,down,-1.238750812,not_significant,346,,,rplT,,0,,48h,Tolonen N-dep
PMM1345,down,-0.514494033,not_significant,976,,,rpmA,,0,,48h,Tolonen N-dep
PMM1610,down,-1.493474727,not_significant,247,,,tktA,,0,,48h,Tolonen N-dep
PMM1336,down,-0.770485271,not_significant,661,,,fabZ,,0,,48h,Tolonen N-dep
PMM0202,down,-1.076245083,not_significant,429,,,rplJ,,0,,48h,Tolonen N-dep
PMM1285,down,-0.397497114,not_significant,1133,,,rpsP,,0,,48h,Tolonen N-dep
PMM1542,down,-0.944664471,not_significant,504,,,rpsE,,0,,48h,Tolonen N-dep
PMM0368,up,1.069708683,not_significant,431,,,,,0,,48h,Tolonen N-dep
PMM1661,down,-1.587746114,not_significant,216,,,rpmI,,0,,48h,Tolonen N-dep
PMM1438,down,-1.61250087,not_significant,210,,,atpB,,0,,48h,Tolonen N-dep
PMM0747,down,-0.686652335,not_significant,763,,,pcyA,,0,,48h,Tolonen N-dep
PMM0160,up,0.951072582,not_significant,501,,,ndhA,,0,,48h,Tolonen N-dep
PMM0075,up,0.517641971,not_significant,972,,,,,0,,48h,Tolonen N-dep
PMM0870,down,-0.849423337,not_significant,588,,,rpmG,,0,,48h,Tolonen N-dep
PMM0201,down,-0.757042098,not_significant,681,,,rplL,,0,,48h,Tolonen N-dep
PMM1135,up,2.03859300502687,significant_up,141,36,,hli,up,1,36.0,48h,Tolonen N-dep
PMM0494,down,-1.812056001,not_significant,174,,,ppa,,0,,48h,Tolonen N-dep
PMM0936,up,2.02632483387103,significant_up,144,37,,umuD,up,1,37.0,48h,Tolonen N-dep
PMM1655,down,-1.511450961,not_significant,240,,,tig,,0,,48h,Tolonen N-dep
PMM1314,up,1.579064304,not_significant,221,,,clpP3,,0,,48h,Tolonen N-dep
PMM1409,up,1.43905733,not_significant,261,,,,,0,,48h,Tolonen N-dep
PMM1149,up,1.65170391,not_significant,207,,,,,0,,48h,Tolonen N-dep
PMM0410,down,-0.599953044,not_significant,866,,,rpsD,,0,,48h,Tolonen N-dep
PMM1536,down,-0.929808782,not_significant,519,,,rpsK,,0,,48h,Tolonen N-dep
PMM0751,down,0.404130225,not_significant,1123,,,,,0,,48h,Tolonen N-dep
PMM0858,up,1.112299117,not_significant,408,,,,,0,,48h,Tolonen N-dep
PMM1609,down,-1.576691957,not_significant,222,,,fabF,,0,,48h,Tolonen N-dep
PMM0329,down,-1.83971592626164,significant_down,171,,40,psaE,down,1,40.0,48h,Tolonen N-dep
PMM0348,down,-1.76057582522856,significant_down,183,,41,,down,1,41.0,48h,Tolonen N-dep
PMM1437,down,-1.74368565004736,significant_down,186,,42,groES,down,1,42.0,48h,Tolonen N-dep
PMM0035,up,1.333168179,not_significant,308,,,PSTA,,0,,48h,Tolonen N-dep
PMM0120,up,0.931709847,not_significant,516,,,sulA,,0,,48h,Tolonen N-dep
PMM1011,down,-0.971424539,not_significant,485,,,,,0,,48h,Tolonen N-dep
PMM0145,up,1.237294986,not_significant,348,,,ndhM,,0,,48h,Tolonen N-dep
PMM1412,up,0.737045492,not_significant,705,,,,,0,,48h,Tolonen N-dep
PMM1532,down,-0.757603617,not_significant,679,,,rplM,,0,,48h,Tolonen N-dep
PMM1678,up,1.81932316555567,significant_up,173,46,,,up,1,46.0,48h,Tolonen N-dep
PMM0214,down,-1.803117453,not_significant,178,,,sul3,,0,,48h,Tolonen N-dep
PMM1312,up,1.548184073,not_significant,229,,,yacL,,0,,48h,Tolonen N-dep
PMM0770,up,0.629049182,not_significant,830,,,gnd,,0,,48h,Tolonen N-dep
PMM0428,down,-1.019056551,not_significant,458,,,chlG,,0,,48h,Tolonen N-dep
PMM1490,up,0.753368906,not_significant,685,,,deg1,,0,,48h,Tolonen N-dep
PMM0988,up,1.60730424,not_significant,213,,,,,0,,48h,Tolonen N-dep
PMM0647,up,-0.138209404,not_significant,1500,,,,,0,,48h,Tolonen N-dep
PMM0203,down,-0.953605192,not_significant,498,,,rplA,,0,,48h,Tolonen N-dep
PMM0251,down,-1.026556604,not_significant,456,,,psbH,,0,,48h,Tolonen N-dep
PMM0651,up,1.379132486,not_significant,284,,,,,0,,48h,Tolonen N-dep
PMM0797,down,-4.313819091,not_significant,3,,,,,0,,48h,Tolonen N-dep
PMM1055,down,-1.178884613,not_significant,372,,,chlI,,0,,48h,Tolonen N-dep
PMM0312,down,-0.870202909,not_significant,570,,,rpsA1,,0,,48h,Tolonen N-dep
PMM1109,down,-1.210133342,not_significant,359,,,,,0,,48h,Tolonen N-dep
PMM0626,up,-0.254703377,not_significant,1338,,,,,0,,48h,Tolonen N-dep
PMM0502,up,1.134019038,not_significant,393,,,ycf41,,0,,48h,Tolonen N-dep
PMM0869,down,-0.773440187,not_significant,656,,,rpsR,,0,,48h,Tolonen N-dep
PMM1534,down,-0.608141423,not_significant,856,,,rplQ,,0,,48h,Tolonen N-dep
PMM0046,down,-1.238006988,not_significant,347,,,ndk,,0,,48h,Tolonen N-dep
PMM0204,down,-0.400460417,not_significant,1130,,,rplK,,0,,48h,Tolonen N-dep
PMM1544,down,-1.27115712,not_significant,330,,,rplF,,0,,48h,Tolonen N-dep
PMM0480,up,0.394638829,not_significant,1140,,,,,0,,48h,Tolonen N-dep
PMM0964,up,0.608392413,not_significant,855,,,ureB,,0,,48h,Tolonen N-dep
PMM0864,down,-0.654795646,not_significant,796,,,,,0,,48h,Tolonen N-dep
PMM1128,up,1.362620948,not_significant,291,,,hli15,,0,,48h,Tolonen N-dep
PMM0511,down,-0.594391869,not_significant,878,,,ppa,,0,,48h,Tolonen N-dep
PMM0691,down,-1.694329349,not_significant,199,,,,,0,,48h,Tolonen N-dep
PMM0356,down,-0.742404119,not_significant,697,,,pip,,0,,48h,Tolonen N-dep
PMM1154,up,1.093105801,not_significant,418,,,ilvN,,0,,48h,Tolonen N-dep
PMM0784,down,-0.617660287,not_significant,842,,,accD,,0,,48h,Tolonen N-dep
PMM1183,down,-0.482354461,not_significant,1013,,,rpmH,,0,,48h,Tolonen N-dep
PMM1146,up,0.882045464,not_significant,557,,,pntA2,,0,,48h,Tolonen N-dep
PMM0969,up,-0.098280398,not_significant,1555,,,ureG,,0,,48h,Tolonen N-dep
PMM1643,down,-0.634803952,not_significant,827,,,ribH,,0,,48h,Tolonen N-dep
PMM0560,down,-0.98770864,not_significant,477,,,hisG,,0,,48h,Tolonen N-dep
PMM0510,down,-0.872314841,not_significant,568,,,,,0,,48h,Tolonen N-dep
PMM0273,down,-1.205596363,not_significant,360,,,mviM,,0,,48h,Tolonen N-dep
PMM1607,down,-1.480282702,not_significant,252,,,psaC,,0,,48h,Tolonen N-dep
PMM0930,down,-0.533925795,not_significant,943,,,phdB,,0,,48h,Tolonen N-dep
PMM1440,down,-0.838030663,not_significant,605,,,ycf65,,0,,48h,Tolonen N-dep
PMM1442,up,1.239135477,not_significant,345,,,pepP,,0,,48h,Tolonen N-dep
PMM0906,down,-1.735964221,not_significant,188,,,psaK,,0,,48h,Tolonen N-dep
PMM0769,down,-0.869127201,not_significant,572,,,glgC,,0,,48h,Tolonen N-dep
PMM0296,down,-0.685525688,not_significant,765,,,ycf48,,0,,48h,Tolonen N-dep
PMM0206,down,-0.187658225,not_significant,1434,,,secE,,0,,48h,Tolonen N-dep
PMM0753,down,-0.597135217,not_significant,874,,,rpsB,,0,,48h,Tolonen N-dep
PMM0026,down,-0.823831105,not_significant,619,,,efp,,0,,48h,Tolonen N-dep
PMM0142,down,-0.757722685,not_significant,678,,,,,0,,48h,Tolonen N-dep
PMM0844,down,-1.708104591,not_significant,195,,,cycI1,,0,,48h,Tolonen N-dep
PMM0030,up,1.11432288486232,significant_up,212,78,,,up,1,78.0,6h,Tolonen N-dep
PMM0337,up,2.44306882215881,significant_up,30,15,,,up,1,15.0,6h,Tolonen N-dep
PMM0346,down,-0.926129292311394,significant_down,303,,113,,down,1,113.0,6h,Tolonen N-dep
PMM0370,up,5.7284866494887,significant_up,2,2,,cynA,up,1,2.0,6h,Tolonen N-dep
PMM0550,down,-3.23622024085443,significant_down,12,,1,rbcL,down,1,1.0,6h,Tolonen N-dep
PMM1453,down,-2.97456738011394,significant_down,15,,3,atpF,down,1,3.0,6h,Tolonen N-dep
PMM1452,down,-3.10922823657052,significant_down,14,,2,atpD,down,1,2.0,6h,Tolonen N-dep
PMM0690,up,1.45885299364439,significant_up,109,48,,hli,up,1,48.0,6h,Tolonen N-dep
PMM1454,down,-2.38203865289812,significant_down,32,,11,atpG,down,1,11.0,6h,Tolonen N-dep
PMM1404,up,0.539058106,not_significant,689,,,hli,,0,,6h,Tolonen N-dep
PMM0920,up,5.06051169137151,significant_up,5,5,,glnA,up,1,5.0,6h,Tolonen N-dep
PMM0970,up,5.37087883412763,significant_up,4,4,,urtA,up,1,4.0,6h,Tolonen N-dep
PMM0699,down,0.537200619,not_significant,694,,,,,0,,6h,Tolonen N-dep
PMM1557,down,-2.83286029346797,significant_down,19,,4,rplD,down,1,4.0,6h,Tolonen N-dep
PMM1390,up,2.62849063223489,significant_up,22,12,,hli,up,1,12.0,6h,Tolonen N-dep
PMM1455,down,-2.19507116986612,significant_down,39,,13,atpH,down,1,13.0,6h,Tolonen N-dep
PMM0818,up,0.801202386,not_significant,413,,,hli,,0,,6h,Tolonen N-dep
PMM0453,down,-1.22978135211385,significant_down,167,,70,fabG,down,1,70.0,6h,Tolonen N-dep
PMM0689,up,1.34854453335013,significant_up,136,53,,hli,up,1,53.0,6h,Tolonen N-dep
PMM1706,down,-1.30153316199669,significant_down,146,,62,rpsF,down,1,62.0,6h,Tolonen N-dep
PMM0365,up,2.15864830833271,significant_up,42,19,,,up,1,19.0,6h,Tolonen N-dep
PMM0246,up,4.45086478182776,significant_up,7,6,,ntcA,up,1,6.0,6h,Tolonen N-dep
PMM0336,up,3.47154471625228,significant_up,11,10,,PTOX,up,1,10.0,6h,Tolonen N-dep
PMM1451,down,-2.51596021462957,significant_down,27,,7,atpA,down,1,7.0,6h,Tolonen N-dep
PMM0901,down,-0.984565845257878,significant_down,273,,107,htpG,down,1,107.0,6h,Tolonen N-dep
PMM0687,up,3.85155137624459,significant_up,8,7,,,up,1,7.0,6h,Tolonen N-dep
PMM0374,up,3.74934616393761,significant_up,9,8,,tatA,up,1,8.0,6h,Tolonen N-dep
PMM0583,down,-1.60474848305169,significant_down,82,,36,hemE,down,1,36.0,6h,Tolonen N-dep
PMM1558,down,-2.51523937078813,significant_down,28,,8,rplC,down,1,8.0,6h,Tolonen N-dep
PMM0447,up,1.8144113333268,significant_up,64,23,,ctaA,up,1,23.0,6h,Tolonen N-dep
PMM0452,down,-0.474927195,not_significant,787,,,groL2,,0,,6h,Tolonen N-dep
PMM0334,up,0.818811479,not_significant,399,,,,,0,,6h,Tolonen N-dep
PMM0549,down,-2.06490924639009,significant_down,49,,19,csoS1A,down,1,19.0,6h,Tolonen N-dep
PMM1541,down,-2.49676648367856,significant_down,29,,9,rplO,down,1,9.0,6h,Tolonen N-dep
PMM0272,down,-0.404198744,not_significant,909,,,psbK,,0,,6h,Tolonen N-dep
PMM0819,up,0.75246252,not_significant,455,,,,,0,,6h,Tolonen N-dep
PMM1538,down,-1.10715880651421,significant_down,217,,87,rpmJ,down,1,87.0,6h,Tolonen N-dep
PMM1520,down,-0.612274092,not_significant,603,,,psaI,,0,,6h,Tolonen N-dep
PMM1537,down,-1.21465241036905,significant_down,171,,72,rpsM,down,1,72.0,6h,Tolonen N-dep
PMM1396,up,0.481901457,not_significant,776,,,hli,,0,,6h,Tolonen N-dep
PMM0684,up,0.716041614,not_significant,484,,,,,0,,6h,Tolonen N-dep
PMM1397,up,0.610839078,not_significant,607,,,hli,,0,,6h,Tolonen N-dep
PMM0552,down,-2.22679164110751,significant_down,37,,12,csoS2,down,1,12.0,6h,Tolonen N-dep
PMM0785,down,-1.09105381195276,significant_down,225,,93,prkB,down,1,93.0,6h,Tolonen N-dep
PMM1523,down,0.180591714,not_significant,1327,,,psaB,,0,,6h,Tolonen N-dep
PMM1519,down,-0.838431472,not_significant,377,,,psaL,,0,,6h,Tolonen N-dep
PMM1556,down,-1.88892426426119,significant_down,58,,25,rplW,down,1,25.0,6h,Tolonen N-dep
PMM1507,down,-1.47249374968355,significant_down,108,,43,rpsJ,down,1,43.0,6h,Tolonen N-dep
PMM0876,down,-0.229291763,not_significant,1237,,,,,0,,6h,Tolonen N-dep
PMM1134,up,1.16882122834348,significant_up,189,70,,,up,1,70.0,6h,Tolonen N-dep
PMM1457,down,-2.05593236032154,significant_down,50,,20,atp1,down,1,20.0,6h,Tolonen N-dep
PMM1700,up,1.50224517566962,significant_up,100,45,,acnB,up,1,45.0,6h,Tolonen N-dep
PMM0710,down,-1.17640764841184,significant_down,185,,79,pstS,down,1,79.0,6h,Tolonen N-dep
PMM1385,up,0.608702967,not_significant,610,,,hli,,0,,6h,Tolonen N-dep
PMM0605,down,-1.06313660964903,significant_down,238,,97,,down,1,97.0,6h,Tolonen N-dep
PMM1554,down,-2.10728699659922,significant_down,44,,16,rpsS,down,1,16.0,6h,Tolonen N-dep
PMM1350,down,-0.40550731,not_significant,904,,,,,0,,6h,Tolonen N-dep
PMM0971,up,2.33634514566438,significant_up,34,16,,urtB,up,1,16.0,6h,Tolonen N-dep
PMM0548,up,-0.116400964,not_significant,1465,,,rdgB,,0,,6h,Tolonen N-dep
PMM1262,up,0.196130289,not_significant,1294,,,lexA,,0,,6h,Tolonen N-dep
PMM0540,down,-0.731421638,not_significant,474,,,psaM,,0,,6h,Tolonen N-dep
PMM0371,up,2.28110125476454,significant_up,35,17,,cynB,up,1,17.0,6h,Tolonen N-dep
PMM0817,up,0.592357335,not_significant,629,,,hli,,0,,6h,Tolonen N-dep
PMM0306,down,-0.889039163,not_significant,330,,,cpeS,,0,,6h,Tolonen N-dep
PMM1562,up,-0.033900546,not_significant,1629,,,recA,,0,,6h,Tolonen N-dep
PMM1553,down,-2.07854131396242,significant_down,47,,18,rplV,down,1,18.0,6h,Tolonen N-dep
PMM1375,down,-1.08893080248805,significant_down,228,,94,,down,1,94.0,6h,Tolonen N-dep
PMM1074,up,2.25315154698608,significant_up,36,18,,zwf,up,1,18.0,6h,Tolonen N-dep
PMM0781,down,-0.947835715849087,significant_down,289,,110,fbaA,down,1,110.0,6h,Tolonen N-dep
PMM0726,up,0.776174020651393,significant_up,429,112,,,up,1,112.0,6h,Tolonen N-dep
PMM1672,up,-0.095358006,not_significant,1513,,,desC4,,0,,6h,Tolonen N-dep
PMM1402,down,-0.827371175910143,significant_down,386,,121,,down,1,121.0,6h,Tolonen N-dep
PMM0469,down,-0.33906715,not_significant,1019,,,psaF,,0,,6h,Tolonen N-dep
PMM0996,up,1.33470492845919,significant_up,140,55,,,up,1,55.0,6h,Tolonen N-dep
PMM1298,down,-1.90564348396986,significant_down,56,,24,lpdA,down,1,24.0,6h,Tolonen N-dep
PMM0599,down,-0.741250309,not_significant,465,,,,,0,,6h,Tolonen N-dep
PMM0087,up,0.570007112,not_significant,662,,,,,0,,6h,Tolonen N-dep
PMM0468,down,-0.374638014,not_significant,963,,,psaJ,,0,,6h,Tolonen N-dep
PMM1384,up,0.786838534,not_significant,423,,,hli,,0,,6h,Tolonen N-dep
PMM1552,down,-1.67748239132799,significant_down,76,,35,rpsC,down,1,35.0,6h,Tolonen N-dep
PMM0363,up,1.3452654257957,significant_up,138,54,,,up,1,54.0,6h,Tolonen N-dep
PMM0965,up,1.90550104081613,significant_up,57,21,,ureA,up,1,21.0,6h,Tolonen N-dep
PMM1623,up,1.55991228084726,significant_up,85,33,,ssb,up,1,33.0,6h,Tolonen N-dep
PMM0810,up,1.8451331274413,significant_up,61,22,,,up,1,22.0,6h,Tolonen N-dep
PMM1511,down,-0.991203727909286,significant_down,267,,105,rpsL,down,1,105.0,6h,Tolonen N-dep
PMM0767,down,-1.19047635000083,significant_down,180,,76,fbp-sbp,down,1,76.0,6h,Tolonen N-dep
PMM0314,down,-0.310785668,not_significant,1071,,,psbT,,0,,6h,Tolonen N-dep
PMM0364,up,1.55256074046384,significant_up,87,34,,,up,1,34.0,6h,Tolonen N-dep
PMM0307,down,-1.14782326329696,significant_down,198,,83,unk6,down,1,83.0,6h,Tolonen N-dep
PMM1555,down,-1.92371766551015,significant_down,54,,23,rplB,down,1,23.0,6h,Tolonen N-dep
PMM0491,up,1.03119957758942,significant_up,255,86,,phhB,up,1,86.0,6h,Tolonen N-dep
PMM0987,down,-0.771644551,not_significant,432,,,rpsU,,0,,6h,Tolonen N-dep
PMM1456,down,-1.87355556686232,significant_down,59,,26,atpI,down,1,26.0,6h,Tolonen N-dep
PMM0766,down,-0.51246786,not_significant,722,,,rpe,,0,,6h,Tolonen N-dep
PMM0245,up,1.28615019783309,significant_up,153,60,,cobO2,up,1,60.0,6h,Tolonen N-dep
PMM1608,down,-0.832085059,not_significant,383,,,acpP,,0,,6h,Tolonen N-dep
PMM1545,down,-1.84446631621274,significant_down,62,,27,rpsH,down,1,27.0,6h,Tolonen N-dep
PMM1578,down,-0.394912017,not_significant,929,,,psaD,,0,,6h,Tolonen N-dep
PMM1644,down,-0.38235982,not_significant,954,,,psbZ,,0,,6h,Tolonen N-dep
PMM0446,up,1.53019385605168,significant_up,94,40,,ctaCI,up,1,40.0,6h,Tolonen N-dep
PMM0754,down,-1.43814230633081,significant_down,114,,44,tsf,down,1,44.0,6h,Tolonen N-dep
PMM0429,down,-0.329619614,not_significant,1040,,,petP,,0,,6h,Tolonen N-dep
PMM1601,up,1.67454799114223,significant_up,77,28,,glgP,up,1,28.0,6h,Tolonen N-dep
PMM1662,down,-0.770522301,not_significant,434,,,rplT,,0,,6h,Tolonen N-dep
PMM1345,down,-0.466298011,not_significant,804,,,rpmA,,0,,6h,Tolonen N-dep
PMM1610,down,-1.76613456637486,significant_down,65,,29,tktA,down,1,29.0,6h,Tolonen N-dep
PMM1336,down,-1.76431335042258,significant_down,66,,30,fabZ,down,1,30.0,6h,Tolonen N-dep
PMM0202,down,-1.31354821124867,significant_down,144,,61,rplJ,down,1,61.0,6h,Tolonen N-dep
PMM1285,down,-1.0980849989748,significant_down,222,,91,rpsP,down,1,91.0,6h,Tolonen N-dep
PMM1542,down,-1.71610211117421,significant_down,68,,31,rpsE,down,1,31.0,6h,Tolonen N-dep
PMM0368,up,1.59078502470976,significant_up,83,32,,,up,1,32.0,6h,Tolonen N-dep
PMM1661,down,-0.622780247,not_significant,591,,,rpmI,,0,,6h,Tolonen N-dep
PMM1438,down,-0.401848662,not_significant,913,,,atpB,,0,,6h,Tolonen N-dep
PMM0747,down,-1.142976989,not_significant,201,,,pcyA,,0,,6h,Tolonen N-dep
PMM0160,up,0.487715364,not_significant,767,,,ndhA,,0,,6h,Tolonen N-dep
PMM0075,up,1.47884435213322,significant_up,106,47,,,up,1,47.0,6h,Tolonen N-dep
PMM0870,down,-0.753647231,not_significant,453,,,rpmG,,0,,6h,Tolonen N-dep
PMM0201,down,-1.25908253379073,significant_down,161,,65,rplL,down,1,65.0,6h,Tolonen N-dep
PMM1135,up,0.590232858,not_significant,633,,,hli,,0,,6h,Tolonen N-dep
PMM0494,down,-1.55640237967724,significant_down,86,,37,ppa,down,1,37.0,6h,Tolonen N-dep
PMM0936,up,0.311916925,not_significant,1069,,,umuD,,0,,6h,Tolonen N-dep
PMM1655,down,-1.32444113868811,significant_down,142,,60,tig,down,1,60.0,6h,Tolonen N-dep
PMM1314,up,1.09657578526949,significant_up,224,80,,clpP3,up,1,80.0,6h,Tolonen N-dep
PMM1409,up,1.27602740447436,significant_up,154,61,,,up,1,61.0,6h,Tolonen N-dep
PMM1149,up,1.44085152240001,significant_up,112,49,,,up,1,49.0,6h,Tolonen N-dep
PMM0410,down,-1.1569992432104,significant_down,195,,81,rpsD,down,1,81.0,6h,Tolonen N-dep
PMM1536,down,-1.36109331462101,significant_down,133,,55,rpsK,down,1,55.0,6h,Tolonen N-dep
PMM0751,down,-0.876905341484744,significant_down,344,,118,,down,1,118.0,6h,Tolonen N-dep
PMM0858,up,0.973958192,not_significant,277,,,,,0,,6h,Tolonen N-dep
PMM1609,down,-1.48482774367347,significant_down,104,,40,fabF,down,1,40.0,6h,Tolonen N-dep
PMM0329,down,-0.629877008,not_significant,578,,,psaE,,0,,6h,Tolonen N-dep
PMM0348,down,-0.436611278,not_significant,854,,,,,0,,6h,Tolonen N-dep
PMM1437,down,-0.430919209,not_significant,868,,,groES,,0,,6h,Tolonen N-dep
PMM0035,up,1.41649447038967,significant_up,116,50,,PSTA,up,1,50.0,6h,Tolonen N-dep
PMM0120,up,1.2643837409921,significant_up,159,63,,sulA,up,1,63.0,6h,Tolonen N-dep
PMM1011,down,-0.033356875,not_significant,1631,,,,,0,,6h,Tolonen N-dep
PMM0145,up,0.90140165494754,significant_up,319,103,,ndhM,up,1,103.0,6h,Tolonen N-dep
PMM1412,up,1.50561907515892,significant_up,99,44,,,up,1,44.0,6h,Tolonen N-dep
PMM1532,down,-0.667201398,not_significant,535,,,rplM,,0,,6h,Tolonen N-dep
PMM1678,up,0.628993953,not_significant,579,,,,,0,,6h,Tolonen N-dep
PMM0214,down,-1.18176588467195,significant_down,183,,78,sul3,down,1,78.0,6h,Tolonen N-dep
PMM1312,up,1.13480692180315,significant_up,205,75,,yacL,up,1,75.0,6h,Tolonen N-dep
PMM0770,up,1.13962280772834,significant_up,203,74,,gnd,up,1,74.0,6h,Tolonen N-dep
PMM0428,down,-1.3731245918552,significant_down,129,,51,chlG,down,1,51.0,6h,Tolonen N-dep
PMM1490,up,0.613540542,not_significant,601,,,deg1,,0,,6h,Tolonen N-dep
PMM0988,up,0.30926879,not_significant,1073,,,,,0,,6h,Tolonen N-dep
PMM0647,up,1.19406190607506,significant_up,177,67,,,up,1,67.0,6h,Tolonen N-dep
PMM0203,down,-1.36927223992109,significant_down,131,,53,rplA,down,1,53.0,6h,Tolonen N-dep
PMM0251,down,-0.158736542,not_significant,1384,,,psbH,,0,,6h,Tolonen N-dep
PMM0651,up,0.943852574,not_significant,290,,,,,0,,6h,Tolonen N-dep
PMM0797,down,-0.991137701,not_significant,268,,,,,0,,6h,Tolonen N-dep
PMM1055,down,-0.69389891,not_significant,506,,,chlI,,0,,6h,Tolonen N-dep
PMM0312,down,-1.10413339655441,significant_down,218,,88,rpsA1,down,1,88.0,6h,Tolonen N-dep
PMM1109,down,-0.376301748,not_significant,962,,,,,0,,6h,Tolonen N-dep
PMM0626,up,1.20159860966798,significant_up,175,66,,,up,1,66.0,6h,Tolonen N-dep
PMM0502,up,0.950146185369823,significant_up,287,93,,ycf41,up,1,93.0,6h,Tolonen N-dep
PMM0869,down,-0.986916772496092,significant_down,271,,106,rpsR,down,1,106.0,6h,Tolonen N-dep
PMM1534,down,-1.26807468179319,significant_down,157,,63,rplQ,down,1,63.0,6h,Tolonen N-dep
PMM0046,down,-1.18779812775506,significant_down,181,,77,ndk,down,1,77.0,6h,Tolonen N-dep
PMM0204,down,-1.26466312511601,significant_down,158,,64,rplK,down,1,64.0,6h,Tolonen N-dep
PMM1544,down,-1.25306787276852,significant_down,164,,67,rplF,down,1,67.0,6h,Tolonen N-dep
PMM0480,up,0.679992916,not_significant,520,,,,,0,,6h,Tolonen N-dep
PMM0964,up,0.912417913,not_significant,309,,,ureB,,0,,6h,Tolonen N-dep
PMM0864,down,0.182800305,not_significant,1320,,,,,0,,6h,Tolonen N-dep
PMM1128,up,0.988179755816511,significant_up,270,91,,hli15,up,1,91.0,6h,Tolonen N-dep
PMM0511,down,-1.20213419019854,significant_down,174,,73,ppa,down,1,73.0,6h,Tolonen N-dep
PMM0691,down,-0.081133662,not_significant,1532,,,,,0,,6h,Tolonen N-dep
PMM0356,down,-0.755018898,not_significant,452,,,pip,,0,,6h,Tolonen N-dep
PMM1154,up,0.715601049,not_significant,485,,,ilvN,,0,,6h,Tolonen N-dep
PMM0784,down,-0.448193473,not_significant,825,,,accD,,0,,6h,Tolonen N-dep
PMM1183,down,-0.821029665,not_significant,397,,,rpmH,,0,,6h,Tolonen N-dep
PMM1146,up,0.053833806,not_significant,1588,,,pntA2,,0,,6h,Tolonen N-dep
PMM0969,up,0.628258636,not_significant,582,,,ureG,,0,,6h,Tolonen N-dep
PMM1643,down,-1.09950852391093,significant_down,221,,90,ribH,down,1,90.0,6h,Tolonen N-dep
PMM0560,down,-1.1017035882038,significant_down,219,,89,hisG,down,1,89.0,6h,Tolonen N-dep
PMM0510,down,-0.77975757166855,significant_down,427,,123,,down,1,123.0,6h,Tolonen N-dep
PMM0273,down,-0.576898377,not_significant,649,,,mviM,,0,,6h,Tolonen N-dep
PMM1607,down,-0.369481504,not_significant,971,,,psaC,,0,,6h,Tolonen N-dep
PMM0930,down,-0.485611451,not_significant,770,,,phdB,,0,,6h,Tolonen N-dep
PMM1440,down,-0.570474303,not_significant,661,,,ycf65,,0,,6h,Tolonen N-dep
PMM1442,up,0.79760776,not_significant,416,,,pepP,,0,,6h,Tolonen N-dep
PMM0906,down,-0.562003886,not_significant,668,,,psaK,,0,,6h,Tolonen N-dep
PMM0769,down,-0.787226221715742,significant_down,422,,122,glgC,down,1,122.0,6h,Tolonen N-dep
PMM0296,down,-0.893626116,not_significant,323,,,ycf48,,0,,6h,Tolonen N-dep
PMM0206,down,-0.90182800999816,significant_down,318,,115,secE,down,1,115.0,6h,Tolonen N-dep
PMM0753,down,-0.57731854,not_significant,647,,,rpsB,,0,,6h,Tolonen N-dep
PMM0026,down,-0.866895304171518,significant_down,352,,119,efp,down,1,119.0,6h,Tolonen N-dep
PMM0142,down,-0.788931091,not_significant,421,,,,,0,,6h,Tolonen N-dep
PMM0844,down,-0.548711927,not_significant,681,,,cycI1,,0,,6h,Tolonen N-dep
